chemin_relatif,pdf,titre_extrait,status
Règlement/Documents graphiques/Atlas 1/Alignements arbres/DG_H_ARBRALIG_NE.pdf,DG_H_ARBRALIG_NE.pdf,H - ALIGNEMENTS D'ARBRES ET COMPOSITIONS ARBORÉES NORD-EST,ok
Règlement/Documents graphiques/Atlas 1/Alignements arbres/DG_H_ARBRALIG_NO.pdf,DG_H_ARBRALIG_NO.pdf,H - ALIGNEMENTS D'ARBRES ET COMPOSITIONS ARBORÉES NORD-OUEST,ok
Règlement/Documents graphiques/Atlas 1/Alignements arbres/DG_H_ARBRALIG_SE.pdf,DG_H_ARBRALIG_SE.pdf,H - ALIGNEMENTS D'ARBRES ET COMPOSITIONS ARBORÉES SUD-EST,ok
Règlement/Documents graphiques/Atlas 1/Alignements arbres/DG_H_ARBRALIG_SO.pdf,DG_H_ARBRALIG_SO.pdf,H - ALIGNEMENTS D'ARBRES ET COMPOSITIONS ARBORÉES SUD-OUEST,ok
Règlement/Documents graphiques/Atlas 1/Bois Boulogne/BBC.pdf,BBC.pdf,"Plan Local d'Urbanisme de Paris, Bois de Boulogne - Centre, 16ème arrondissement",ok
Règlement/Documents graphiques/Atlas 1/Bois Boulogne/BBN.pdf,BBN.pdf,"Plan Local d'Urbanisme de Paris, Bois de Boulogne - Nord, 16ème arrondissement",ok
Règlement/Documents graphiques/Atlas 1/Bois Boulogne/BBRG.pdf,BBRG.pdf,"Plan Local d'Urbanisme de Paris, Feuille Roland Garros, 16ème arrondissement",ok
Règlement/Documents graphiques/Atlas 1/Bois Boulogne/BBS.pdf,BBS.pdf,"Plan Local d'Urbanisme de Paris, Bois de Boulogne - Sud, 16ème arrondissement",ok
Règlement/Documents graphiques/Atlas 1/Bois Boulogne/LEG2000.pdf,LEG2000.pdf,"Légende des plans au 1/1000, 1/2000 et 1/5000",ok
Règlement/Documents graphiques/Atlas 1/Bois Vincennes/BVNE.pdf,BVNE.pdf,"Plan Local d'Urbanisme de Paris, Bois de Vincennes - Nord Est, 12ème arrondissement",ok
Règlement/Documents graphiques/Atlas 1/Bois Vincennes/BVO.pdf,BVO.pdf,"Plan Local d'Urbanisme de Paris, Bois de Vincennes - Ouest, 12ème arrondissement",ok
Règlement/Documents graphiques/Atlas 1/Bois Vincennes/BVSE.pdf,BVSE.pdf,"Plan Local d'Urbanisme de Paris, Bois de Vincennes - Sud Est, 12ème arrondissement",ok
Règlement/Documents graphiques/Atlas 1/Bois Vincennes/LEG2000.pdf,LEG2000.pdf,"Légende des plans au 1/1000, 1/2000 et 1/5000",ok
Règlement/Documents graphiques/Atlas 1/DG_A_ZONAGE.pdf,DG_A_ZONAGE.pdf,A - ZONAGE ET OAP SECTORIELLES,ok
Règlement/Documents graphiques/Atlas 1/DG_E_HAUTEUR.pdf,DG_E_HAUTEUR.pdf,E - PLAN GÉNÉRAL DES HAUTEURS,ok
Règlement/Documents graphiques/Atlas 1/DG_L_BOIS_VINCENNES.pdf,DG_L_BOIS_VINCENNES.pdf,L - BOIS DE VINCENNES,ok
Règlement/Documents graphiques/Atlas 1/DG_M_BOIS_BOULOGNE.pdf,DG_M_BOIS_BOULOGNE.pdf,M - BOIS DE BOULOGNE,ok
Règlement/Documents graphiques/Atlas 1/Equilibre destinations/DG_B_DEST_NE.pdf,DG_B_DEST_NE.pdf,B - ÉQUILIBRE ENTRE DESTINATIONS NORD-EST,ok
Règlement/Documents graphiques/Atlas 1/Equilibre destinations/DG_B_DEST_NO.pdf,DG_B_DEST_NO.pdf,B - ÉQUILIBRE ENTRE DESTINATIONS NORD-OUEST,ok
Règlement/Documents graphiques/Atlas 1/Equilibre destinations/DG_B_DEST_SE.pdf,DG_B_DEST_SE.pdf,B - ÉQUILIBRE ENTRE DESTINATIONS SUD-EST,ok
Règlement/Documents graphiques/Atlas 1/Equilibre destinations/DG_B_DEST_SO.pdf,DG_B_DEST_SO.pdf,B - ÉQUILIBRE ENTRE DESTINATIONS SUD-OUEST,ok
Règlement/Documents graphiques/Atlas 1/Fuseaux protection/DG_F_FUSEAU_NE.pdf,DG_F_FUSEAU_NE.pdf,F - FUSEAUX DE PROTECTION NORD-EST,ok
Règlement/Documents graphiques/Atlas 1/Fuseaux protection/DG_F_FUSEAU_NO.pdf,DG_F_FUSEAU_NO.pdf,F - FUSEAUX DE PROTECTION NORD-OUEST,ok
Règlement/Documents graphiques/Atlas 1/Fuseaux protection/DG_F_FUSEAU_SE.pdf,DG_F_FUSEAU_SE.pdf,F - FUSEAUX DE PROTECTION SUD-EST,ok
Règlement/Documents graphiques/Atlas 1/Fuseaux protection/DG_F_FUSEAU_SO.pdf,DG_F_FUSEAU_SO.pdf,F - FUSEAUX DE PROTECTION SUD-OUEST,ok
Règlement/Documents graphiques/Atlas 1/Limitation parc stationnement/DG_I_PARCSTAT_NE.pdf,DG_I_PARCSTAT_NE.pdf,I - LIMITATION DES PARCS DE STATIONNEMENT NORD-EST,ok
Règlement/Documents graphiques/Atlas 1/Limitation parc stationnement/DG_I_PARCSTAT_NO.pdf,DG_I_PARCSTAT_NO.pdf,I - LIMITATION DES PARCS DE STATIONNEMENT NORD-OUEST,ok
Règlement/Documents graphiques/Atlas 1/Limitation parc stationnement/DG_I_PARCSTAT_SE.pdf,DG_I_PARCSTAT_SE.pdf,I - LIMITATION DES PARCS DE STATIONNEMENT SUD-EST,ok
Règlement/Documents graphiques/Atlas 1/Limitation parc stationnement/DG_I_PARCSTAT_SO.pdf,DG_I_PARCSTAT_SO.pdf,I - LIMITATION DES PARCS DE STATIONNEMENT SUD-OUEST,ok
Règlement/Documents graphiques/Atlas 1/Mixité sociale/DG_D_LOGSOC_NE.pdf,DG_D_LOGSOC_NE.pdf,D - MIXITÉ SOCIALE NORD-EST,ok
Règlement/Documents graphiques/Atlas 1/Mixité sociale/DG_D_LOGSOC_NO.pdf,DG_D_LOGSOC_NO.pdf,D - MIXITÉ SOCIALE NORD-OUEST,ok
Règlement/Documents graphiques/Atlas 1/Mixité sociale/DG_D_LOGSOC_SE.pdf,DG_D_LOGSOC_SE.pdf,D - MIXITÉ SOCIALE SUD-EST,ok
Règlement/Documents graphiques/Atlas 1/Mixité sociale/DG_D_LOGSOC_SO.pdf,DG_D_LOGSOC_SO.pdf,D - MIXITÉ SOCIALE SUD-OUEST,ok
Règlement/Documents graphiques/Atlas 1/Protections commerces/DG_C_PROTCOM_NE.pdf,DG_C_PROTCOM_NE.pdf,C - PROTECTION DU COMMERCE NORD-EST,ok
Règlement/Documents graphiques/Atlas 1/Protections commerces/DG_C_PROTCOM_NO.pdf,DG_C_PROTCOM_NO.pdf,C - PROTECTION DU COMMERCE NORD-OUEST,ok
Règlement/Documents graphiques/Atlas 1/Protections commerces/DG_C_PROTCOM_SE.pdf,DG_C_PROTCOM_SE.pdf,C - PROTECTION DU COMMERCE SUD-EST,ok
Règlement/Documents graphiques/Atlas 1/Protections commerces/DG_C_PROTCOM_SO.pdf,DG_C_PROTCOM_SO.pdf,C - PROTECTION DU COMMERCE SUD-OUEST,ok
Règlement/Documents graphiques/Atlas 1/Renforcement végétal/DG_G_RENFVEG_NE.pdf,DG_G_RENFVEG_NE.pdf,G - SECTORISATION VÉGÉTALE NORD-EST,ok
Règlement/Documents graphiques/Atlas 1/Renforcement végétal/DG_G_RENFVEG_NO.pdf,DG_G_RENFVEG_NO.pdf,G - SECTORISATION VÉGÉTALE NORD-OUEST,ok
Règlement/Documents graphiques/Atlas 1/Renforcement végétal/DG_G_RENFVEG_SE.pdf,DG_G_RENFVEG_SE.pdf,G - SECTORISATION VÉGÉTALE SUD-EST,ok
Règlement/Documents graphiques/Atlas 1/Renforcement végétal/DG_G_RENFVEG_SO.pdf,DG_G_RENFVEG_SO.pdf,G - SECTORISATION VÉGÉTALE SUD-OUEST,ok
Règlement/Documents graphiques/Atlas 1/Secteurs risques/DG_J_RISQUE.pdf,DG_J_RISQUE.pdf,J - SECTEURS DE RISQUE,ok
Règlement/Documents graphiques/Atlas 1/Secteurs risques/DG_K_SOURCENORD.pdf,DG_K_SOURCENORD.pdf,K - SOURCES DU NORD,ok
Règlement/Documents graphiques/Atlas 2/A_08.pdf,A_08.pdf,"Plan Local d'Urbanisme de Paris, Feuille A-08, 16ème arrondissement",ok
Règlement/Documents graphiques/Atlas 2/A_09.pdf,A_09.pdf,"Plan Local d'Urbanisme de Paris, Feuille A-09, 16ème arrondissement",ok
Règlement/Documents graphiques/Atlas 2/A_10.pdf,A_10.pdf,"Plan Local d'Urbanisme de Paris, Feuille A-10, 16ème arrondissement",ok
Règlement/Documents graphiques/Atlas 2/B_05.pdf,B_05.pdf,"Plan Local d'Urbanisme de Paris, Feuille B-05, 16ème arrondissement",ok
Règlement/Documents graphiques/Atlas 2/B_06.pdf,B_06.pdf,"Plan Local d'Urbanisme de Paris, Feuille B-06, 16ème arrondissement",ok
Règlement/Documents graphiques/Atlas 2/B_07.pdf,B_07.pdf,"Plan Local d'Urbanisme de Paris, Feuille B-07, 16ème arrondissement",ok
Règlement/Documents graphiques/Atlas 2/B_08.pdf,B_08.pdf,"Plan Local d'Urbanisme de Paris, Feuille B-08, 16ème arrondissement",ok
Règlement/Documents graphiques/Atlas 2/B_09.pdf,B_09.pdf,"Plan Local d'Urbanisme de Paris, Feuille B-09, 15ème et 16ème arrondissements",ok
Règlement/Documents graphiques/Atlas 2/B_10.pdf,B_10.pdf,"Plan Local d'Urbanisme de Paris, Feuille B-10, 15ème et 16ème arrondissements",ok
Règlement/Documents graphiques/Atlas 2/B_11.pdf,B_11.pdf,"Plan Local d'Urbanisme de Paris, Feuille B-11, 15ème et 16ème arrondissements",ok
Règlement/Documents graphiques/Atlas 2/C_03.pdf,C_03.pdf,"Plan Local d'Urbanisme de Paris, Feuille C-03, 17ème arrondissement",ok
Règlement/Documents graphiques/Atlas 2/C_04.pdf,C_04.pdf,"Plan Local d'Urbanisme de Paris, Feuille C-04, 16ème et 17ème arrondissements",ok
Règlement/Documents graphiques/Atlas 2/C_05.pdf,C_05.pdf,"Plan Local d'Urbanisme de Paris, Feuille C-05, 16ème arrondissement",ok
Règlement/Documents graphiques/Atlas 2/C_06_A_251216.pdf,C_06_A_251216.pdf,"Plan Local d'Urbanisme de Paris, Feuille C-06, 16ème arrondissement",ok
Règlement/Documents graphiques/Atlas 2/C_07.pdf,C_07.pdf,"Plan Local d'Urbanisme de Paris, Feuille C-07, 16ème arrondissement",ok
Règlement/Documents graphiques/Atlas 2/C_08_A_251216.pdf,C_08_A_251216.pdf,"Plan Local d'Urbanisme de Paris, Feuille C-08, 15ème et 16ème arrondissements",ok
Règlement/Documents graphiques/Atlas 2/C_09_A_251216.pdf,C_09_A_251216.pdf,"Plan Local d'Urbanisme de Paris, Feuille C-09, 15ème et 16ème arrondissements",ok
Règlement/Documents graphiques/Atlas 2/C_10.pdf,C_10.pdf,"Plan Local d'Urbanisme de Paris, Feuille C-10, 15ème arrondissement",ok
Règlement/Documents graphiques/Atlas 2/C_11.pdf,C_11.pdf,"Plan Local d'Urbanisme de Paris, Feuille C-11, 15ème arrondissement",ok
Règlement/Documents graphiques/Atlas 2/Consultation_des_planches_au_1_sur_2000.pdf,Consultation_des_planches_au_1_sur_2000.pdf,Consultation des planches au 1/2000,fallback_first_line_REVIEW
Règlement/Documents graphiques/Atlas 2/D_02.pdf,D_02.pdf,"Plan Local d'Urbanisme de Paris, Feuille D-02, 17ème arrondissement",ok
Règlement/Documents graphiques/Atlas 2/D_03_A_251216.pdf,D_03_A_251216.pdf,"Plan Local d'Urbanisme de Paris, Feuille D-03, 17ème arrondissement",ok
Règlement/Documents graphiques/Atlas 2/D_04.pdf,D_04.pdf,"Plan Local d'Urbanisme de Paris, Feuille D-04, 8ème et 17ème arrondissements",ok
Règlement/Documents graphiques/Atlas 2/D_05_A_251216.pdf,D_05_A_251216.pdf,"Plan Local d'Urbanisme de Paris, Feuille D-05, 8ème, 16ème et 17ème arrondissements",ok
Règlement/Documents graphiques/Atlas 2/D_06_A_251216.pdf,D_06_A_251216.pdf,"Plan Local d'Urbanisme de Paris, Feuille D-06, 7ème, 8ème et 16ème arrondissements",ok
Règlement/Documents graphiques/Atlas 2/D_07.pdf,D_07.pdf,"Plan Local d'Urbanisme de Paris, Feuille D-07, 7ème, 15ème et 16ème arrondissements",ok
Règlement/Documents graphiques/Atlas 2/D_08_A_251216.pdf,D_08_A_251216.pdf,"Plan Local d'Urbanisme de Paris, Feuille D-08, 7ème et 15ème arrondissements",ok
Règlement/Documents graphiques/Atlas 2/D_09_A_251216.pdf,D_09_A_251216.pdf,"Plan Local d'Urbanisme de Paris, Feuille D-09, 15ème arrondissement",ok
Règlement/Documents graphiques/Atlas 2/D_10_A_251216.pdf,D_10_A_251216.pdf,"Plan Local d'Urbanisme de Paris, Feuille D-10, 15ème arrondissement",ok
Règlement/Documents graphiques/Atlas 2/D_11_A_251216.pdf,D_11_A_251216.pdf,"Plan Local d'Urbanisme de Paris, Feuille D-11, 15ème arrondissement",ok
Règlement/Documents graphiques/Atlas 2/D_12.pdf,D_12.pdf,"Plan Local d'Urbanisme de Paris, Feuille D-12, 14ème et 15ème arrondissements",ok
Règlement/Documents graphiques/Atlas 2/E_01.pdf,E_01.pdf,"Plan Local d'Urbanisme de Paris, Feuille E-01, 17ème arrondissement",ok
Règlement/Documents graphiques/Atlas 2/E_02.pdf,E_02.pdf,"Plan Local d'Urbanisme de Paris, Feuille E-02, 17ème arrondissement",ok
Règlement/Documents graphiques/Atlas 2/E_03_A_251216.pdf,E_03_A_251216.pdf,"Plan Local d'Urbanisme de Paris, Feuille E-03, 17ème arrondissement",ok
Règlement/Documents graphiques/Atlas 2/E_04.pdf,E_04.pdf,"Plan Local d'Urbanisme de Paris, Feuille E-04, 8ème et 17ème arrondissements",ok
Règlement/Documents graphiques/Atlas 2/E_05_A_251216.pdf,E_05_A_251216.pdf,"Plan Local d'Urbanisme de Paris, Feuille E-05, 8ème arrondissement",ok
Règlement/Documents graphiques/Atlas 2/E_06_A_251216.pdf,E_06_A_251216.pdf,"Plan Local d'Urbanisme de Paris, Feuille E-06, 7ème et 8ème arrondissements",ok
Règlement/Documents graphiques/Atlas 2/E_07.pdf,E_07.pdf,"Plan Local d'Urbanisme de Paris, Feuille E-07, 7ème arrondissement",ok
Règlement/Documents graphiques/Atlas 2/E_08.pdf,E_08.pdf,"Plan Local d'Urbanisme de Paris, Feuille E-08, 7ème et 15ème arrondissements",ok
Règlement/Documents graphiques/Atlas 2/E_09.pdf,E_09.pdf,"Plan Local d'Urbanisme de Paris, Feuille E-09, 7ème et 15ème arrondissements",ok
Règlement/Documents graphiques/Atlas 2/E_10_A_251216.pdf,E_10_A_251216.pdf,"Plan Local d'Urbanisme de Paris, Feuille E-10, 14ème et 15ème arrondissements",ok
Règlement/Documents graphiques/Atlas 2/E_11_A_251216.pdf,E_11_A_251216.pdf,"Plan Local d'Urbanisme de Paris, Feuille E-11, 14ème et 15ème arrondissements",ok
Règlement/Documents graphiques/Atlas 2/E_12.pdf,E_12.pdf,"Plan Local d'Urbanisme de Paris, Feuille E-12, 14ème et 15ème arrondissements",ok
Règlement/Documents graphiques/Atlas 2/F_01.pdf,F_01.pdf,"Plan Local d'Urbanisme de Paris, Feuille F-01, 17ème et 18ème arrondissement",ok
Règlement/Documents graphiques/Atlas 2/F_02.pdf,F_02.pdf,"Plan Local d'Urbanisme de Paris, Feuille F-02, 17ème et 18ème arrondissement",ok
Règlement/Documents graphiques/Atlas 2/F_03_A_251216.pdf,F_03_A_251216.pdf,"Plan Local d'Urbanisme de Paris, Feuille F-03, 8ème, 9ème, 17ème et 18ème arrondissement",ok
Règlement/Documents graphiques/Atlas 2/F_04_A_251216.pdf,F_04_A_251216.pdf,"Plan Local d'Urbanisme de Paris, Feuille F-04, 8ème et 9ème arrondissements",ok
Règlement/Documents graphiques/Atlas 2/F_05_A_251216.pdf,F_05_A_251216.pdf,"Plan Local d'Urbanisme de Paris, Feuille F-05, 1er, 2ème, 8ème et 9ème arrondissement",ok
Règlement/Documents graphiques/Atlas 2/F_06.pdf,F_06.pdf,"Plan Local d'Urbanisme de Paris, Feuille F-06, 1er, 7ème et 8ème arrondissements",ok
Règlement/Documents graphiques/Atlas 2/F_07.pdf,F_07.pdf,"Plan Local d'Urbanisme de Paris, Feuille F-07, 1er et 7ème arrondissements",ok
Règlement/Documents graphiques/Atlas 2/F_08.pdf,F_08.pdf,"Plan Local d'Urbanisme de Paris, Feuille F-08, 6ème et 7ème arrondissements",ok
Règlement/Documents graphiques/Atlas 2/F_09_A_251216.pdf,F_09_A_251216.pdf,"Plan Local d'Urbanisme de Paris, Feuille F-09, 6ème, 7ème, 14ème et 15ème arrondissements",ok
Règlement/Documents graphiques/Atlas 2/F_10.pdf,F_10.pdf,"Plan Local d'Urbanisme de Paris, Feuille F-10, 14ème et 15ème arrondissements",ok
Règlement/Documents graphiques/Atlas 2/F_11.pdf,F_11.pdf,"Plan Local d'Urbanisme de Paris, Feuille F-11, 14ème arrondissement",ok
Règlement/Documents graphiques/Atlas 2/F_12.pdf,F_12.pdf,"Plan Local d'Urbanisme de Paris, Feuille F-12, 14ème arrondissement",ok
Règlement/Documents graphiques/Atlas 2/F_13.pdf,F_13.pdf,"Plan Local d'Urbanisme de Paris, Feuille F-13, 14ème arrondissement",ok
Règlement/Documents graphiques/Atlas 2/G_01.pdf,G_01.pdf,"Plan Local d'Urbanisme de Paris, Feuille G-01, 17ème et 18ème arrondissement",ok
Règlement/Documents graphiques/Atlas 2/G_02.pdf,G_02.pdf,"Plan Local d'Urbanisme de Paris, Feuille G-02, 18ème arrondissement",ok
Règlement/Documents graphiques/Atlas 2/G_03.pdf,G_03.pdf,"Plan Local d'Urbanisme de Paris, Feuille G-03, 9ème et 18ème arrondissement",ok
Règlement/Documents graphiques/Atlas 2/G_04.pdf,G_04.pdf,"Plan Local d'Urbanisme de Paris, Feuille G-04, 8ème et 9ème arrondissements",ok
Règlement/Documents graphiques/Atlas 2/G_05.pdf,G_05.pdf,"Plan Local d'Urbanisme de Paris, Feuille G-05, 2ème et 9ème arrondissements",ok
Règlement/Documents graphiques/Atlas 2/G_06_A_251216.pdf,G_06_A_251216.pdf,"Plan Local d'Urbanisme de Paris, Feuille G-06, 1er et 2ème arrondissements",ok
Règlement/Documents graphiques/Atlas 2/G_07.pdf,G_07.pdf,"Plan Local d'Urbanisme de Paris, Feuille G-07, 1er, 6ème et 7ème arrondissements",ok
Règlement/Documents graphiques/Atlas 2/G_08.pdf,G_08.pdf,"Plan Local d'Urbanisme de Paris, Feuille G-08, 5ème, 6ème et 7ème arrondissements",ok
Règlement/Documents graphiques/Atlas 2/G_09.pdf,G_09.pdf,"Plan Local d'Urbanisme de Paris, Feuille G-09, 5ème et 6ème arrondissements",ok
Règlement/Documents graphiques/Atlas 2/G_10_A_251216.pdf,G_10_A_251216.pdf,"Plan Local d'Urbanisme de Paris, Feuille G-10, 5ème, 6ème, 13ème et 14ème arrondissements",ok
Règlement/Documents graphiques/Atlas 2/G_11.pdf,G_11.pdf,"Plan Local d'Urbanisme de Paris, Feuille G-11, 13ème et 14ème arrondissements",ok
Règlement/Documents graphiques/Atlas 2/G_12_A_251216.pdf,G_12_A_251216.pdf,"Plan Local d'Urbanisme de Paris, Feuille G-12, 13ème et 14ème arrondissements",ok
Règlement/Documents graphiques/Atlas 2/G_13_A_251216.pdf,G_13_A_251216.pdf,"Plan Local d'Urbanisme de Paris, Feuille G-13, 14ème arrondissement",ok
Règlement/Documents graphiques/Atlas 2/H_01.pdf,H_01.pdf,"Plan Local d'Urbanisme de Paris, Feuille H-01, 18ème arrondissement",ok
Règlement/Documents graphiques/Atlas 2/H_02.pdf,H_02.pdf,"Plan Local d'Urbanisme de Paris, Feuille H-02, 18ème arrondissement",ok
Règlement/Documents graphiques/Atlas 2/H_03.pdf,H_03.pdf,"Plan Local d'Urbanisme de Paris, Feuille H-03, 9ème, 10ème et 18ème arrondissement",ok
Règlement/Documents graphiques/Atlas 2/H_04.pdf,H_04.pdf,"Plan Local d'Urbanisme de Paris, Feuille H-04, 9ème et 10ème arrondissements",ok
Règlement/Documents graphiques/Atlas 2/H_05.pdf,H_05.pdf,"Plan Local d'Urbanisme de Paris, Feuille H-05, 2ème, 3ème, 9ème et 10ème arrondissements",ok
Règlement/Documents graphiques/Atlas 2/H_06.pdf,H_06.pdf,"Plan Local d'Urbanisme de Paris, Feuille H-06, 1er, 2ème, 3ème et 4ème arrondissements",ok
Règlement/Documents graphiques/Atlas 2/H_07.pdf,H_07.pdf,"Plan Local d'Urbanisme de Paris, Feuille H-07, 1er, 3ème et 4ème arrondissements",ok
Règlement/Documents graphiques/Atlas 2/H_08_A_251216.pdf,H_08_A_251216.pdf,"Plan Local d'Urbanisme de Paris, Feuille H-08, 1er, 4ème, 5ème et 6ème arrondissements",ok
Règlement/Documents graphiques/Atlas 2/H_09.pdf,H_09.pdf,"Plan Local d'Urbanisme de Paris, Feuille H-09, 5ème arrondissement",ok
Règlement/Documents graphiques/Atlas 2/H_10_A_251216.pdf,H_10_A_251216.pdf,"Plan Local d'Urbanisme de Paris, Feuille H-10, 5ème et 13ème arrondissements",ok
Règlement/Documents graphiques/Atlas 2/H_11.pdf,H_11.pdf,"Plan Local d'Urbanisme de Paris, Feuille H-11, 13ème arrondissement",ok
Règlement/Documents graphiques/Atlas 2/H_12_A_251216.pdf,H_12_A_251216.pdf,"Plan Local d'Urbanisme de Paris, Feuille H-12, 13ème arrondissement",ok
Règlement/Documents graphiques/Atlas 2/H_13.pdf,H_13.pdf,"Plan Local d'Urbanisme de Paris, Feuille H-13, 13ème et 14ème arrondissements",ok
Règlement/Documents graphiques/Atlas 2/I_01.pdf,I_01.pdf,"Plan Local d'Urbanisme de Paris, Feuille I-01, 18ème et 19ème arrondissement",ok
Règlement/Documents graphiques/Atlas 2/I_02.pdf,I_02.pdf,"Plan Local d'Urbanisme de Paris, Feuille I-02, 18ème et 19ème arrondissement",ok
Règlement/Documents graphiques/Atlas 2/I_03.pdf,I_03.pdf,"Plan Local d'Urbanisme de Paris, Feuille I-03, 10ème, 18ème et 19ème arrondissement",ok
Règlement/Documents graphiques/Atlas 2/I_04_A_251216.pdf,I_04_A_251216.pdf,"Plan Local d'Urbanisme de Paris, Feuille I-04, 10ème arrondissement",ok
Règlement/Documents graphiques/Atlas 2/I_05.pdf,I_05.pdf,"Plan Local d'Urbanisme de Paris, Feuille I-05, 10ème et 11ème arrondissements",ok
Règlement/Documents graphiques/Atlas 2/I_06.pdf,I_06.pdf,"Plan Local d'Urbanisme de Paris, Feuille I-06, 3ème, 10ème et 11ème arrondissements",ok
Règlement/Documents graphiques/Atlas 2/I_07.pdf,I_07.pdf,"Plan Local d'Urbanisme de Paris, Feuille I-07, 3ème, 4ème et 11ème arrondissements",ok
Règlement/Documents graphiques/Atlas 2/I_08.pdf,I_08.pdf,"Plan Local d'Urbanisme de Paris, Feuille I-08, 4ème, 5ème, 11ème et 12ème arrondissements",ok
Règlement/Documents graphiques/Atlas 2/I_09.pdf,I_09.pdf,"Plan Local d'Urbanisme de Paris, Feuille I-09, 4ème, 5ème, 12ème et 13ème arrondissements",ok
Règlement/Documents graphiques/Atlas 2/I_10.pdf,I_10.pdf,"Plan Local d'Urbanisme de Paris, Feuille I-10, 5ème et 13ème arrondissements",ok
Règlement/Documents graphiques/Atlas 2/I_11.pdf,I_11.pdf,"Plan Local d'Urbanisme de Paris, Feuille I-11, 13ème arrondissement",ok
Règlement/Documents graphiques/Atlas 2/I_12.pdf,I_12.pdf,"Plan Local d'Urbanisme de Paris, Feuille I-12, 13ème arrondissement",ok
Règlement/Documents graphiques/Atlas 2/I_13.pdf,I_13.pdf,"Plan Local d'Urbanisme de Paris, Feuille I-13, 13ème arrondissement",ok
Règlement/Documents graphiques/Atlas 2/J_01.pdf,J_01.pdf,"Plan Local d'Urbanisme de Paris, Feuille J-01, 18ème et 19ème arrondissement",ok
Règlement/Documents graphiques/Atlas 2/J_02.pdf,J_02.pdf,"Plan Local d'Urbanisme de Paris, Feuille J-02, 18ème et 19ème arrondissement",ok
Règlement/Documents graphiques/Atlas 2/J_03.pdf,J_03.pdf,"Plan Local d'Urbanisme de Paris, Feuille J-03, 10ème et 19ème arrondissement",ok
Règlement/Documents graphiques/Atlas 2/J_04.pdf,J_04.pdf,"Plan Local d'Urbanisme de Paris, Feuille J-04, 10ème et 19ème arrondissements",ok
Règlement/Documents graphiques/Atlas 2/J_05.pdf,J_05.pdf,"Plan Local d'Urbanisme de Paris, Feuille J-05, 10ème, 11ème, 19ème et 20ème arrondissements",ok
Règlement/Documents graphiques/Atlas 2/J_06_A_251216.pdf,J_06_A_251216.pdf,"Plan Local d'Urbanisme de Paris, Feuille J-06, 11ème et 20ème arrondissements",ok
Règlement/Documents graphiques/Atlas 2/J_07.pdf,J_07.pdf,"Plan Local d'Urbanisme de Paris, Feuille J-07, 11ème arrondissement",ok
Règlement/Documents graphiques/Atlas 2/J_08.pdf,J_08.pdf,"Plan Local d'Urbanisme de Paris, Feuille J-08, 11ème et 12ème arrondissements",ok
Règlement/Documents graphiques/Atlas 2/J_09.pdf,J_09.pdf,"Plan Local d'Urbanisme de Paris, Feuille J-09, 12ème arrondissement",ok
Règlement/Documents graphiques/Atlas 2/J_10.pdf,J_10.pdf,"Plan Local d'Urbanisme de Paris, Feuille J-10, 12ème et 13ème arrondissements",ok
Règlement/Documents graphiques/Atlas 2/J_11.pdf,J_11.pdf,"Plan Local d'Urbanisme de Paris, Feuille J-11, 12ème et 13ème arrondissements",ok
Règlement/Documents graphiques/Atlas 2/J_12.pdf,J_12.pdf,"Plan Local d'Urbanisme de Paris, Feuille J-12, 13ème arrondissement",ok
Règlement/Documents graphiques/Atlas 2/J_13.pdf,J_13.pdf,"Plan Local d'Urbanisme de Paris, Feuille J-13, 13ème arrondissement",ok
Règlement/Documents graphiques/Atlas 2/K_01.pdf,K_01.pdf,"Plan Local d'Urbanisme de Paris, Feuille K-01, 19ème arrondissement",ok
Règlement/Documents graphiques/Atlas 2/K_02.pdf,K_02.pdf,"Plan Local d'Urbanisme de Paris, Feuille K-02, 19ème arrondissement",ok
Règlement/Documents graphiques/Atlas 2/K_03.pdf,K_03.pdf,"Plan Local d'Urbanisme de Paris, Feuille K-03, 19ème arrondissement",ok
Règlement/Documents graphiques/Atlas 2/K_04.pdf,K_04.pdf,"Plan Local d'Urbanisme de Paris, Feuille K-04, 19ème arrondissement",ok
Règlement/Documents graphiques/Atlas 2/K_05_A_251216.pdf,K_05_A_251216.pdf,"Plan Local d'Urbanisme de Paris, Feuille K-05, 19ème et 20ème arrondissements",ok
Règlement/Documents graphiques/Atlas 2/K_06_A_251216.pdf,K_06_A_251216.pdf,"Plan Local d'Urbanisme de Paris, Feuille K-06, 11ème et 20ème arrondissements",ok
Règlement/Documents graphiques/Atlas 2/K_07_A_251216.pdf,K_07_A_251216.pdf,"Plan Local d'Urbanisme de Paris, Feuille K-07, 11ème et 20ème arrondissements",ok
Règlement/Documents graphiques/Atlas 2/K_08.pdf,K_08.pdf,"Plan Local d'Urbanisme de Paris, Feuille K-08, 11ème, 12ème et 20ème arrondissements",ok
Règlement/Documents graphiques/Atlas 2/K_09_A_251216.pdf,K_09_A_251216.pdf,"Plan Local d'Urbanisme de Paris, Feuille K-09, 12ème arrondissement",ok
Règlement/Documents graphiques/Atlas 2/K_10.pdf,K_10.pdf,"Plan Local d'Urbanisme de Paris, Feuille K-10, 12ème arrondissement",ok
Règlement/Documents graphiques/Atlas 2/K_11.pdf,K_11.pdf,"Plan Local d'Urbanisme de Paris, Feuille K-11, 12ème et 13ème arrondissements",ok
Règlement/Documents graphiques/Atlas 2/K_12.pdf,K_12.pdf,"Plan Local d'Urbanisme de Paris, Feuille K-12, 12ème et 13ème arrondissements",ok
Règlement/Documents graphiques/Atlas 2/LEG2000.pdf,LEG2000.pdf,"Légende des plans au 1/1000, 1/2000 et 1/5000",ok
Règlement/Documents graphiques/Atlas 2/L_03.pdf,L_03.pdf,"Plan Local d'Urbanisme de Paris, Feuille L-03, 19ème arrondissement",ok
Règlement/Documents graphiques/Atlas 2/L_04.pdf,L_04.pdf,"Plan Local d'Urbanisme de Paris, Feuille L-04, 19ème et 20ème arrondissements",ok
Règlement/Documents graphiques/Atlas 2/L_05_A_251216.pdf,L_05_A_251216.pdf,"Plan Local d'Urbanisme de Paris, Feuille L-05, 20ème arrondissement",ok
Règlement/Documents graphiques/Atlas 2/L_06.pdf,L_06.pdf,"Plan Local d'Urbanisme de Paris, Feuille L-06, 20ème arrondissement",ok
Règlement/Documents graphiques/Atlas 2/L_07.pdf,L_07.pdf,"Plan Local d'Urbanisme de Paris, Feuille L-07, 20ème arrondissement",ok
Règlement/Documents graphiques/Atlas 2/L_08.pdf,L_08.pdf,"Plan Local d'Urbanisme de Paris, Feuille L-08, 11ème et 20ème arrondissements",ok
Règlement/Documents graphiques/Atlas 2/L_09_A_251216.pdf,L_09_A_251216.pdf,"Plan Local d'Urbanisme de Paris, Feuille L-09, 11ème, 12ème et 20ème arrondissements",ok
Règlement/Documents graphiques/Atlas 2/L_10.pdf,L_10.pdf,"Plan Local d'Urbanisme de Paris, Feuille L-10, 12ème arrondissement",ok
Règlement/Documents graphiques/Atlas 2/L_11.pdf,L_11.pdf,"Plan Local d'Urbanisme de Paris, Feuille L-11, 12ème arrondissement",ok
Règlement/Documents graphiques/Atlas 2/M_05.pdf,M_05.pdf,"Plan Local d'Urbanisme de Paris, Feuille M-05, 20ème arrondissement",ok
Règlement/Documents graphiques/Atlas 2/M_06_A_251216.pdf,M_06_A_251216.pdf,"Plan Local d'Urbanisme de Paris, Feuille M-06, 20ème arrondissement",ok
Règlement/Documents graphiques/Atlas 2/M_07_A_251216.pdf,M_07_A_251216.pdf,"Plan Local d'Urbanisme de Paris, Feuille M-07, 20ème arrondissement",ok
Règlement/Documents graphiques/Atlas 2/M_08.pdf,M_08.pdf,"Plan Local d'Urbanisme de Paris, Feuille M-08, 20ème arrondissement",ok
Règlement/Documents graphiques/Atlas 2/M_09.pdf,M_09.pdf,"Plan Local d'Urbanisme de Paris, Feuille M-09, 12ème et 20ème arrondissements",ok
Règlement/Documents graphiques/Atlas 2/M_10.pdf,M_10.pdf,"Plan Local d'Urbanisme de Paris, Feuille M-10, 12ème arrondissement",ok
