filename,relative_path,metadata_title,visual_title,toc_root_title,toc_source,n_levels,n_entries,error
ANNAD1_2025_12_19.pdf,Annexes\Addenda\ANNAD1_2025_12_19.pdf,ADDE2025.odt,Informations complémentaires Liste des immeubles et lots de biens immobiliers soumis au droit de préemption urbain renforcé (D.P.U.R.),"titre des équipements, ouvrages publics, installations d’intérêt général et",text_parsed,1,39,
ANNAD2.pdf,Annexes\Addenda\ANNAD2.pdf,ANNEXES PLU - maj 2007,Informations complémentaires Mesures d’archéologie préventive,Addenda Informations complémentaires,native,2,2,
ANNAD3.pdf,Annexes\Addenda\ANNAD3.pdf,ANNEXES PLU - maj 2007,Informations complémentaires Prévention et réglementation contre les termites,Addenda Informations complémentaires,native,2,2,
ANNAD4.pdf,Annexes\Addenda\ANNAD4.pdf,ANNEXES PLU - maj 2007,Informations complémentaires Prescriptions d'isolement acoustique dans les secteurs affectés par le bruit,: -,native,2,11,
A15152_01A04_2025_12_19.pdf,Annexes\Plans autres périmètres\A15152_01A04_2025_12_19.pdf,,VII VII VIII VIII V VI VI XI XI I IV IV X III III II II,,none,0,0,
A15152_05_06_2025_12_19.pdf,Annexes\Plans autres périmètres\A15152_05_06_2025_12_19.pdf,,V VI VI IV IV XIV XIV VII VII I XIII XIII XV XV,,none,0,0,
A15152_07_08_2025_12_19.pdf,Annexes\Plans autres périmètres\A15152_07_08_2025_12_19.pdf,,VII VII II II I VI VI IX IX XVII XVII VIII VIII VII VII XVI XVI,,none,0,0,
A15152_09_10_2025_12_19.pdf,Annexes\Plans autres périmètres\A15152_09_10_2025_12_19.pdf,,II II III III X I XI XI IX IX XVII XVII XVIII XVIII XIX XIX VIII VIII,,none,0,0,
A15152_11_2025_12_19.pdf,Annexes\Plans autres périmètres\A15152_11_2025_12_19.pdf,,XI XI XII XII III III IV IV IV IV XX XX X,,none,0,0,
A15152_12_2025_12_19.pdf,Annexes\Plans autres périmètres\A15152_12_2025_12_19.pdf,,XII XII IV IV XIII XIII IV IV XI XI XIII XIII XX XX V,,none,0,0,
A15152_13_2025_12_19.pdf,Annexes\Plans autres périmètres\A15152_13_2025_12_19.pdf,,V XIV XIV XIII XIII XII XII,,none,0,0,
A15152_14_2025_12_19.pdf,Annexes\Plans autres périmètres\A15152_14_2025_12_19.pdf,,VI VI XIV XIV XIII XIII VII VII XV XV,,none,0,0,
A15152_15_2025_12_19.pdf,Annexes\Plans autres périmètres\A15152_15_2025_12_19.pdf,,XIV XIV VII VII XV XV XVI XVI,,none,0,0,
A15152_16_2025_12_19.pdf,Annexes\Plans autres périmètres\A15152_16_2025_12_19.pdf,,XV XV XVII XVII XVI XVI VII VII VIII VIII,,none,0,0,
A15152_17_2025_12_19.pdf,Annexes\Plans autres périmètres\A15152_17_2025_12_19.pdf,,XVI XVI XVII XVII VIII VIII IX IX XVIII XVIII,,none,0,0,
A15152_18_2025_12_19.pdf,Annexes\Plans autres périmètres\A15152_18_2025_12_19.pdf,,XVII XVII XVIII XVIII IX IX XIX XIX X VIII VIII,,none,0,0,
A15152_19_2025_12_19.pdf,Annexes\Plans autres périmètres\A15152_19_2025_12_19.pdf,,XIX XIX XVIII XVIII XX XX X,,none,0,0,
A15152_20_2025_12_19.pdf,Annexes\Plans autres périmètres\A15152_20_2025_12_19.pdf,,IV IV XX XX XI XI XII XII XIX XIX,,none,0,0,
ASUP1_2025_12_19.pdf,Annexes\Plans SUP\ASUP1_2025_12_19.pdf,,16 7 14 13 5 12 6 4 3 2 1 11 20 19 18 17 9 8 10 15,2 4,text_parsed,1,110,
ASUP2AD5.pdf,Annexes\Plans SUP\ASUP2AD5.pdf,ASUP2AD5,VOIR PLANS DES SERVITUDES D'UTILITÉ PUBLIQUE SUR LES BOIS VOIR PLANS DES SERVITUDES D'UTILITÉ PUBLIQUE SUR LES BOIS,250 m,text_parsed,1,4,
ASUP2D3.pdf,Annexes\Plans SUP\ASUP2D3.pdf,,16 12 15 7 13 19 8 18 20 17 14 5 11 9 6 1 10 4 3 2,2 4,text_parsed,1,101,
ASUP2E.pdf,Annexes\Plans SUP\ASUP2E.pdf,,16 12 15 7 13 19 8 18 20 17 14 5 11 9 6 1 10 4 3 2,2 4,text_parsed,1,97,
ASUP4_2025_12_19.pdf,Annexes\Plans SUP\ASUP4_2025_12_19.pdf,,16 12 15 7 13 19 8 18 20 17 14 5 11 9 6 1 10 4 3 2,2 4,text_parsed,1,110,
ASUPBOIS.pdf,Annexes\Plans SUP\ASUPBOIS.pdf,,305 305 330 320 310 300 290 280 270,32 34,text_parsed,1,32,
ALEA1910.pdf,Annexes\Plans SUP\PPRI\ALEA1910.pdf,,,,none,0,0,
BOREUX.pdf,Annexes\Plans SUP\PPRI\BOREUX.pdf,,,,none,0,0,
ENJEUX.pdf,Annexes\Plans SUP\PPRI\ENJEUX.pdf,,,,none,0,0,
PPRI12.pdf,Annexes\Plans SUP\PPRI\PPRI12.pdf,,,,none,0,0,
PPRI1234_11.pdf,Annexes\Plans SUP\PPRI\PPRI1234_11.pdf,,,,none,0,0,
PPRI13.pdf,Annexes\Plans SUP\PPRI\PPRI13.pdf,,,,none,0,0,
PPRI15.pdf,Annexes\Plans SUP\PPRI\PPRI15.pdf,,,,none,0,0,
PPRI16.pdf,Annexes\Plans SUP\PPRI\PPRI16.pdf,,,,none,0,0,
PPRI5_6_7.pdf,Annexes\Plans SUP\PPRI\PPRI5_6_7.pdf,,,,none,0,0,
PPRI8_9_10.pdf,Annexes\Plans SUP\PPRI\PPRI8_9_10.pdf,,,,none,0,0,
PPRI_LEGEND.pdf,Annexes\Plans SUP\PPRI\PPRI_LEGEND.pdf,,,,none,0,0,
PPRIBOU.pdf,Annexes\Plans SUP\PPRI\PPRIBOU.pdf,,,,none,0,0,
ANN10.pdf,Annexes\Textes et documents illustrés\ANN10.pdf,A2022-X table des matieres manuelle.odt,Périmètre de la zone de développement  prioritaire du réseau de chaleur parisien,TITRE X,text_parsed,1,1,
ANN11_2025_12_19.pdf,Annexes\Textes et documents illustrés\ANN11_2025_12_19.pdf,ANNEXES PLU - maj 2007,Obligation de déclaration préalable à l’édification de clôture et de permis de démolir,TITRE XI,native,1,1,
ANN1_2025_12_19.pdf,Annexes\Textes et documents illustrés\ANN1_2025_12_19.pdf,,TITRE PREMIER Liste des servitudes d’utilité publique affectant l’utilisation du sol,"SERVITUDES RELATIVES A L’UTILISATION DE CERTAINES RESSOURCES ET EQUIPEMENTS : CANALISATIONS – Transport de gaz, d'hydrocarbures et de produits chimiques, eaux et assainissement",native,5,118,
ANN2A_2025_12_19.pdf,Annexes\Textes et documents illustrés\ANN2A_2025_12_19.pdf,A2025-IIA ZAP-vf.odt,Zonage d'assainissement des eaux usées et zonage pluvial de la Ville de Paris,TITRE II.A,text_parsed,1,1,
ANN2B_2025_12_19.pdf,Annexes\Textes et documents illustrés\ANN2B_2025_12_19.pdf,ANNEXES PLU - maj 2007,Schémas des réseaux d’eau et d’assainissement et schémas des systèmes d’élimination des déchets,SERVITUDES RELATIVES A LA CONSERVATION DU PATRIMOINE : PATRIMOINE CULTUREL - Monuments historiques,native,2,13,
ANN3.pdf,Annexes\Textes et documents illustrés\ANN3.pdf,A2011-III.odt,Plan d’exposition au bruit de l’aérodrome de Paris - Issy-les-Moulineaux,TITRE III,text_parsed,1,1,
ANN4_2025_12_19.pdf,Annexes\Textes et documents illustrés\ANN4_2025_12_19.pdf,ANNEXES PLU - maj 2007,"Recensement, classement acoustique et secteurs affectés par le bruit des infrastructures de transports terrestres",SERVITUDES RELATIVES A LA CONSERVATION DU PATRIMOINE : PATRIMOINE CULTUREL - Monuments historiques,native,2,14,
ANN5_2025_12_19.pdf,Annexes\Textes et documents illustrés\ANN5_2025_12_19.pdf,ANNEXES PLU - maj 2007,Règlement local de publicité et ses annexes,: -,native,6,214,
ANN6.pdf,Annexes\Textes et documents illustrés\ANN6.pdf,ANNEXES PLU - maj 2007,Zone à risque d’exposition au plomb,SERVITUDES RELATIVES A LA CONSERVATION DU PATRIMOINE : PATRIMOINE CULTUREL - Monuments historiques,native,2,11,
ANN7.pdf,Annexes\Textes et documents illustrés\ANN7.pdf,A2019-VII.odt,Secteurs relatifs aux taux de la taxe d'aménagement,TITRE VII,text_parsed,1,1,
ANN8_2025_12_19.pdf,Annexes\Textes et documents illustrés\ANN8_2025_12_19.pdf,ANNEXES PLU - maj 2007,Périmètres des biens inscrits au patrimoine mondial de l'humanité et de leur zone tampon,SERVITUDES RELATIVES A LA CONSERVATION DU PATRIMOINE : PATRIMOINE CULTUREL - Monuments historiques,native,2,12,
ANN9.pdf,Annexes\Textes et documents illustrés\ANN9.pdf,A2020-IX_SIS.odt,Secteurs d’information sur les sols,TITRE IX,text_parsed,2,3,
OAP_BARTHOLOME_BRANCION.pdf,OAP\Sectorielles\OAP_BARTHOLOME_BRANCION.pdf,,ORIENTATIONS D’AMÉNAGEMENT ET DE PROGRAMMATION PAR QUARTIER OU SECTEUR,,none,0,0,
OAP_BEAUGRENELLE.pdf,OAP\Sectorielles\OAP_BEAUGRENELLE.pdf,,ORIENTATIONS D’AMÉNAGEMENT ET DE PROGRAMMATION PAR QUARTIER OU SECTEUR,,none,0,0,
OAP_BEDIER_OUDINE.pdf,OAP\Sectorielles\OAP_BEDIER_OUDINE.pdf,,ORIENTATIONS D’AMÉNAGEMENT ET DE PROGRAMMATION PAR QUARTIER OU SECTEUR,18 à 20m reliant l’avenue Joseph Bédier réaménagée à l’avenue,text_parsed,1,1,
OAP_BERCY_CHARENTON.pdf,OAP\Sectorielles\OAP_BERCY_CHARENTON.pdf,,ORIENTATIONS D’AMÉNAGEMENT ET DE PROGRAMMATION PAR QUARTIER OU SECTEUR,,none,0,0,
OAP_GARE_DE_LYON_DAUMESNIL.pdf,OAP\Sectorielles\OAP_GARE_DE_LYON_DAUMESNIL.pdf,,ORIENTATIONS D’AMÉNAGEMENT ET DE PROGRAMMATION PAR QUARTIER OU SECTEUR,"600 logements est envisagée sur ce site, avec une proportion",text_parsed,1,1,
OAP_MAINE_MONTPARNASSE.pdf,OAP\Sectorielles\OAP_MAINE_MONTPARNASSE.pdf,,ORIENTATIONS D’AMÉNAGEMENT ET DE PROGRAMMATION PAR QUARTIER OU SECTEUR,18 Juin 1940,text_parsed,1,1,
OAP_OLYMPIADES.pdf,OAP\Sectorielles\OAP_OLYMPIADES.pdf,,ORIENTATIONS D’AMÉNAGEMENT ET DE PROGRAMMATION PAR QUARTIER OU SECTEUR,,none,0,0,
OAP_PARIS_NORD_EST.pdf,OAP\Sectorielles\OAP_PARIS_NORD_EST.pdf,,ORIENTATIONS D’AMÉNAGEMENT ET DE PROGRAMMATION PAR QUARTIER OU SECTEUR,"2002 en effet, Paris Nord-Est est l’ambition portée par la Ville",text_parsed,2,5,
OAP_PARIS_RIVE_GAUCHE.pdf,OAP\Sectorielles\OAP_PARIS_RIVE_GAUCHE.pdf,,ORIENTATIONS D’AMÉNAGEMENT ET DE PROGRAMMATION PAR QUARTIER OU SECTEUR,"22 et 23 septembre 2003 puis des 19 et 20 juin 2012, intègre les",text_parsed,1,1,
OAP_PAUL_BOURGET.pdf,OAP\Sectorielles\OAP_PAUL_BOURGET.pdf,,ORIENTATIONS D’AMÉNAGEMENT ET DE PROGRAMMATION PAR QUARTIER OU SECTEUR,,none,0,0,
OAP_PORTES_EST.pdf,OAP\Sectorielles\OAP_PORTES_EST.pdf,,ORIENTATIONS D’AMÉNAGEMENT ET DE PROGRAMMATION PAR QUARTIER OU SECTEUR,,none,0,0,
OAP_SAINT_VINCENT_DE_PAUL.pdf,OAP\Sectorielles\OAP_SAINT_VINCENT_DE_PAUL.pdf,,ORIENTATIONS D’AMÉNAGEMENT ET DE PROGRAMMATION PAR QUARTIER OU SECTEUR,50 m,text_parsed,1,1,
OAP_SUZANNE_LENGLEN.pdf,OAP\Sectorielles\OAP_SUZANNE_LENGLEN.pdf,,ORIENTATIONS D’AMÉNAGEMENT ET DE PROGRAMMATION PAR QUARTIER OU SECTEUR,,none,0,0,
OAP_BIODIVERSITE.pdf,OAP\Thématiques\OAP_BIODIVERSITE.pdf,,ORIENTATION D’AMÉNAGEMENT ET DE PROGRAMMATION THÉMATIQUE,2 / 26,text_parsed,1,5,
OAP_CONSTRUCTION.pdf,OAP\Thématiques\OAP_CONSTRUCTION.pdf,,ORIENTATION D’AMÉNAGEMENT ET DE PROGRAMMATION THÉMATIQUE,2 / 11,text_parsed,1,5,
OAP_ESPACE_PUBLIC.pdf,OAP\Thématiques\OAP_ESPACE_PUBLIC.pdf,,ORIENTATION D’AMÉNAGEMENT ET DE PROGRAMMATION THÉMATIQUE,2 / 12,text_parsed,1,5,
OAP_HERITAGE.pdf,OAP\Thématiques\OAP_HERITAGE.pdf,,ORIENTATION D’AMÉNAGEMENT ET DE PROGRAMMATION THÉMATIQUE,2 / 12,text_parsed,1,6,
OAP_METROPOLE.pdf,OAP\Thématiques\OAP_METROPOLE.pdf,,ORIENTATION D’AMÉNAGEMENT ET DE PROGRAMMATION THÉMATIQUE,2 / 14,text_parsed,1,5,
OAP_QUART_HEURE.pdf,OAP\Thématiques\OAP_QUART_HEURE.pdf,,ORIENTATION D’AMÉNAGEMENT ET DE PROGRAMMATION THÉMATIQUE,2 / 9,text_parsed,1,5,
OAP_SANTE.pdf,OAP\Thématiques\OAP_SANTE.pdf,,ORIENTATION D’AMÉNAGEMENT ET DE PROGRAMMATION THÉMATIQUE,2 / 13,text_parsed,1,5,
PADD.pdf,PADD\PADD.pdf,,,Rappel juridique – le rôle du PADD,native,4,82,
Rapport_presentation_MS1.pdf,Rapport de présentation\Rapport_presentation_MS1.pdf,Microsoft Word - Rapport_presentation_MS1_amende_suivi,Modification simplifiée n° 1,14 rue René Villermé (11e arrdt) et au 1 villa de l’Ermitage (20e arrdt),text_parsed,1,2,
RP_20251017_MC1_HOTEL_DIEU.pdf,Rapport de présentation\RP_20251017_MC1_HOTEL_DIEU.pdf,,» »,1. Préambule,text_parsed,2,6,
RP_CHOIX.pdf,Rapport de présentation\RP_CHOIX.pdf,PLU Bioclimatique de Paris,,Introduction - le contenu du rapport de présentation dans le code de l’urbanisme,native,4,135,
RP_DE.pdf,Rapport de présentation\RP_DE.pdf,PLU Bioclimatique de Paris,,1. Les motifs qui ont fondé les choix du PLU,text_parsed,3,11,
RP_DIAGNOSTIC.pdf,Rapport de présentation\RP_DIAGNOSTIC.pdf,,RAPPORT DE PRÉSENTATION,Page vierge,native,1,1,
RP_EIE.pdf,Rapport de présentation\RP_EIE.pdf,PLU de Paris,RAPPORT DE PRÉSENTATION,1. Le milieu physique,native,4,231,
RP_EVAL.pdf,Rapport de présentation\RP_EVAL.pdf,PLU de Paris,RAPPORT DE PRÉSENTATION,1. Démarche d’évaluation environnementale ................................................. 8,text_parsed,1,1,
RP_INDIC.pdf,Rapport de présentation\RP_INDIC.pdf,PLU de la Ville de Paris,,2. Présentation des indicateurs de suivi,text_parsed,2,23,
RP_PREAMBULE.pdf,Rapport de présentation\RP_PREAMBULE.pdf,,RAPPORT DE PRÉSENTATION,"27 et, le cas échéant, pour le bilan de l'application des dispositions relatives à l'habitat",text_parsed,1,1,
RP_RNT.pdf,Rapport de présentation\RP_RNT.pdf,PLU de Paris,,1. Méthodes,native,3,24,
DG_H_ARBRALIG_NE.pdf,Règlement\Documents graphiques\Atlas 1\Alignements arbres\DG_H_ARBRALIG_NE.pdf,,NORD-EST H - ALIGNEMENTS D'ARBRES ET COMPOSITIONS ARBORÉES,2 4,text_parsed,1,49,
DG_H_ARBRALIG_NO.pdf,Règlement\Documents graphiques\Atlas 1\Alignements arbres\DG_H_ARBRALIG_NO.pdf,,NORD-OUEST H - ALIGNEMENTS D'ARBRES ET COMPOSITIONS ARBORÉES,82 76,text_parsed,1,22,
DG_H_ARBRALIG_SE.pdf,Règlement\Documents graphiques\Atlas 1\Alignements arbres\DG_H_ARBRALIG_SE.pdf,,SUD-EST H - ALIGNEMENTS D'ARBRES ET COMPOSITIONS ARBORÉES,32 34,text_parsed,1,48,
DG_H_ARBRALIG_SO.pdf,Règlement\Documents graphiques\Atlas 1\Alignements arbres\DG_H_ARBRALIG_SO.pdf,,H - ALIGNEMENTS D'ARBRES ET COMPOSITIONS ARBORÉES SUD-OUEST,17 18,text_parsed,1,23,
BBC.pdf,Règlement\Documents graphiques\Atlas 1\Bois Boulogne\BBC.pdf,,Suresnes Puteaux,,none,0,0,
BBN.pdf,Règlement\Documents graphiques\Atlas 1\Bois Boulogne\BBN.pdf,,Puteaux Neuilly-sur-Seine,,none,0,0,
BBRG.pdf,Règlement\Documents graphiques\Atlas 1\Bois Boulogne\BBRG.pdf,,Boulogne-Billancourt,2 U,text_parsed,1,6,
BBS.pdf,Règlement\Documents graphiques\Atlas 1\Bois Boulogne\BBS.pdf,,Suresnes Boulogne-Billancourt,,none,0,0,
LEG2000.pdf,Règlement\Documents graphiques\Atlas 1\Bois Boulogne\LEG2000.pdf,,"Légende des plans au 1/1000, 1/2000 et 1/5000",25 %,text_parsed,1,1,
BVNE.pdf,Règlement\Documents graphiques\Atlas 1\Bois Vincennes\BVNE.pdf,,Nogent-sur-Marne Fontenay-sous-Bois Vincennes Vincennes,,none,0,0,
BVO.pdf,Règlement\Documents graphiques\Atlas 1\Bois Vincennes\BVO.pdf,,Charenton-le-Pont Saint-Maurice Saint-Mandé Saint-Mandé Vincennes,,none,0,0,
BVSE.pdf,Règlement\Documents graphiques\Atlas 1\Bois Vincennes\BVSE.pdf,,Saint-Maurice Joinville-le-Pont,,none,0,0,
LEG2000.pdf,Règlement\Documents graphiques\Atlas 1\Bois Vincennes\LEG2000.pdf,,"Légende des plans au 1/1000, 1/2000 et 1/5000",25 %,text_parsed,1,1,
DG_A_ZONAGE.pdf,Règlement\Documents graphiques\Atlas 1\DG_A_ZONAGE.pdf,,9 8 7 6 5 4 3 2 1 20 19 18 17 16 15 14 13 12 11 10,1 000 m,text_parsed,1,1,
DG_E_HAUTEUR.pdf,Règlement\Documents graphiques\Atlas 1\DG_E_HAUTEUR.pdf,,9 8 7 6 5 4 3 2 1 20 19 18 17 16 15 14 13 12 11 10,1 000 m,text_parsed,1,1,
DG_L_BOIS_VINCENNES.pdf,Règlement\Documents graphiques\Atlas 1\DG_L_BOIS_VINCENNES.pdf,,L - BOIS DE VINCENNES,1 000 m,text_parsed,1,1,
DG_M_BOIS_BOULOGNE.pdf,Règlement\Documents graphiques\Atlas 1\DG_M_BOIS_BOULOGNE.pdf,,16 16 16,1 000 m,text_parsed,1,1,
DG_B_DEST_NE.pdf,Règlement\Documents graphiques\Atlas 1\Equilibre destinations\DG_B_DEST_NE.pdf,,NORD-EST B - ÉQUILIBRE ENTRE DESTINATIONS,2 4,text_parsed,1,49,
DG_B_DEST_NO.pdf,Règlement\Documents graphiques\Atlas 1\Equilibre destinations\DG_B_DEST_NO.pdf,,B - ÉQUILIBRE ENTRE DESTINATIONS NORD-OUEST,82 76,text_parsed,1,22,
DG_B_DEST_SE.pdf,Règlement\Documents graphiques\Atlas 1\Equilibre destinations\DG_B_DEST_SE.pdf,,B - ÉQUILIBRE ENTRE DESTINATIONS SUD-EST,32 34,text_parsed,1,48,
DG_B_DEST_SO.pdf,Règlement\Documents graphiques\Atlas 1\Equilibre destinations\DG_B_DEST_SO.pdf,,SUD-OUEST B - ÉQUILIBRE ENTRE DESTINATIONS,17 18,text_parsed,1,23,
DG_F_FUSEAU_NE.pdf,Règlement\Documents graphiques\Atlas 1\Fuseaux protection\DG_F_FUSEAU_NE.pdf,Fuseaux-NordEst NGF,B,,none,0,0,
DG_F_FUSEAU_NO.pdf,Règlement\Documents graphiques\Atlas 1\Fuseaux protection\DG_F_FUSEAU_NO.pdf,Fuseaux-NordOuest NGF,H A J G F H G K M N O P G L G B I SECTEUR SAUVEGARDE SECTEUR SAUVEGARD DU MARAIS F - FUSEAUX DE PROTECTION NORD-OUEST,"60 ,33",text_parsed,1,1,
DG_F_FUSEAU_SE.pdf,Règlement\Documents graphiques\Atlas 1\Fuseaux protection\DG_F_FUSEAU_SE.pdf,Fuseaux-SudEst NGF,FUSEAUX DE PROTECTION DU SITE DE PARIS,,none,0,0,
DG_F_FUSEAU_SO.pdf,Règlement\Documents graphiques\Atlas 1\Fuseaux protection\DG_F_FUSEAU_SO.pdf,Fuseaux-SudOuest NGF,H G F H G K M O P L I T W I I G Y Z H F I SECTEUR SAUVEGARDE DU 7E ARRONDISSEMENT SECTEUR SAUVEGARDE DU MARAIS F - FUSEAUX DE PROTECTION SUD-OUEST,,none,0,0,
DG_I_PARCSTAT_NE.pdf,Règlement\Documents graphiques\Atlas 1\Limitation parc stationnement\DG_I_PARCSTAT_NE.pdf,,I - LIMITATION DES PARCS DE STATIONNEMENT NORD-EST,2 4,text_parsed,1,49,
DG_I_PARCSTAT_NO.pdf,Règlement\Documents graphiques\Atlas 1\Limitation parc stationnement\DG_I_PARCSTAT_NO.pdf,,I - LIMITATION DES PARCS DE STATIONNEMENT NORD-OUEST,82 76,text_parsed,1,22,
DG_I_PARCSTAT_SE.pdf,Règlement\Documents graphiques\Atlas 1\Limitation parc stationnement\DG_I_PARCSTAT_SE.pdf,,I - LIMITATION DES PARCS DE STATIONNEMENT SUD-EST,32 34,text_parsed,1,48,
DG_I_PARCSTAT_SO.pdf,Règlement\Documents graphiques\Atlas 1\Limitation parc stationnement\DG_I_PARCSTAT_SO.pdf,,I - LIMITATION DES PARCS DE STATIONNEMENT SUD-OUEST,17 18,text_parsed,1,23,
DG_D_LOGSOC_NE.pdf,Règlement\Documents graphiques\Atlas 1\Mixité sociale\DG_D_LOGSOC_NE.pdf,,NORD-EST D - MIXITÉ SOCIALE,2 4,text_parsed,1,49,
DG_D_LOGSOC_NO.pdf,Règlement\Documents graphiques\Atlas 1\Mixité sociale\DG_D_LOGSOC_NO.pdf,,D - MIXITÉ SOCIALE NORD-OUEST,82 76,text_parsed,1,22,
DG_D_LOGSOC_SE.pdf,Règlement\Documents graphiques\Atlas 1\Mixité sociale\DG_D_LOGSOC_SE.pdf,,D - MIXITÉ SOCIALE SUD-EST,113 115,text_parsed,1,43,
DG_D_LOGSOC_SO.pdf,Règlement\Documents graphiques\Atlas 1\Mixité sociale\DG_D_LOGSOC_SO.pdf,,D - MIXITÉ SOCIALE SUD-OUEST,17 18,text_parsed,1,23,
DG_C_PROTCOM_NE.pdf,Règlement\Documents graphiques\Atlas 1\Protections commerces\DG_C_PROTCOM_NE.pdf,,C - PROTECTION DU COMMERCE NORD-EST,2 4,text_parsed,1,49,
DG_C_PROTCOM_NO.pdf,Règlement\Documents graphiques\Atlas 1\Protections commerces\DG_C_PROTCOM_NO.pdf,,C - PROTECTION DU COMMERCE NORD-OUEST,82 76,text_parsed,1,22,
DG_C_PROTCOM_SE.pdf,Règlement\Documents graphiques\Atlas 1\Protections commerces\DG_C_PROTCOM_SE.pdf,,C - PROTECTION DU COMMERCE SUD-EST,32 34,text_parsed,1,48,
DG_C_PROTCOM_SO.pdf,Règlement\Documents graphiques\Atlas 1\Protections commerces\DG_C_PROTCOM_SO.pdf,,C - PROTECTION DU COMMERCE SUD-OUEST,17 18,text_parsed,1,23,
DG_G_RENFVEG_NE.pdf,Règlement\Documents graphiques\Atlas 1\Renforcement végétal\DG_G_RENFVEG_NE.pdf,,G - SECTORISATION VÉGÉTALE NORD-EST,2 4,text_parsed,1,49,
DG_G_RENFVEG_NO.pdf,Règlement\Documents graphiques\Atlas 1\Renforcement végétal\DG_G_RENFVEG_NO.pdf,,NORD-OUEST G - SECTORISATION VÉGÉTALE,82 76,text_parsed,1,22,
DG_G_RENFVEG_SE.pdf,Règlement\Documents graphiques\Atlas 1\Renforcement végétal\DG_G_RENFVEG_SE.pdf,,G - SECTORISATION VÉGÉTALE SUD-EST,32 34,text_parsed,1,48,
DG_G_RENFVEG_SO.pdf,Règlement\Documents graphiques\Atlas 1\Renforcement végétal\DG_G_RENFVEG_SO.pdf,,G - SECTORISATION VÉGÉTALE SUD-OUEST,17 18,text_parsed,1,23,
DG_J_RISQUE.pdf,Règlement\Documents graphiques\Atlas 1\Secteurs risques\DG_J_RISQUE.pdf,,9 8 7 6 5 4 3 2 1 20 19 18 17 16 15 14 13 12 11 10,1 000 m,text_parsed,1,1,
DG_K_SOURCENORD.pdf,Règlement\Documents graphiques\Atlas 1\Secteurs risques\DG_K_SOURCENORD.pdf,PLU_K_SOURCENORD_A2_R2 copie,K - SOURCES DU NORD,100 m,text_parsed,1,5,
A_08.pdf,Règlement\Documents graphiques\Atlas 2\A_08.pdf,,"Feuille A-08 ʌ Bois de Boulogne-Sud ʌ Feuille A-08 ʌ Bois de Boulogne-Sud ʌ 16ème arrondissement Plan Local d'Urbanisme de Paris Feuille A-08 v A-09 v Feuille A-08 v A-09 v ʌ Bois de Boulogne-Sud ʌ ʌ B-08 ʌ Fond de plan: Plan de Paris, le 01/10/2024",1 S,text_parsed,1,1,
A_09.pdf,Règlement\Documents graphiques\Atlas 2\A_09.pdf,,Boulogne-Billancourt,6 38,text_parsed,1,12,
A_10.pdf,Règlement\Documents graphiques\Atlas 2\A_10.pdf,,Boulogne-Billancourt,2 S,text_parsed,1,8,
B_05.pdf,Règlement\Documents graphiques\Atlas 2\B_05.pdf,,"Feuille B-05 ʌ Bois de Boulogne-Nord ʌ Feuille B-05 ʌ Bois de Boulogne-Nord ʌ 16ème arrondissement Plan Local d'Urbanisme de Paris Feuille B-05 v B-06 v Feuille B-05 v B-06 v ʌ Bois de Boulogne-Centre ʌ ʌ C-05 ʌ Fond de plan: Plan de Paris, le 01/10/2024",155 A,text_parsed,1,1,
B_06.pdf,Règlement\Documents graphiques\Atlas 2\B_06.pdf,,"Feuille B-06 ʌ B-05 ʌ Feuille B-06 ʌ B-05 ʌ 16ème arrondissement Plan Local d'Urbanisme de Paris Feuille B-06 v B-07 v Feuille B-06 v B-07 v ʌ Bois de Boulogne-Centre ʌ ʌ C-06 ʌ Fond de plan: Plan de Paris, le 01/10/2024",7 P,text_parsed,1,2,
B_07.pdf,Règlement\Documents graphiques\Atlas 2\B_07.pdf,,"Feuille B-07 ʌ B-06 ʌ Feuille B-07 ʌ B-06 ʌ 16ème arrondissement Plan Local d'Urbanisme de Paris Feuille B-07 v B-08 v Feuille B-07 v B-08 v ʌ Bois de Boulogne-Sud ʌ ʌ C-07 ʌ Fond de plan: Plan de Paris, le 01/10/2024",4 A,text_parsed,1,9,
B_08.pdf,Règlement\Documents graphiques\Atlas 2\B_08.pdf,,"Feuille B-08 ʌ B-07 ʌ Feuille B-08 ʌ B-07 ʌ 16ème arrondissement Plan Local d'Urbanisme de Paris Feuille B-08 v B-09 v Feuille B-08 v B-09 v ʌ A-08 ʌ ʌ C-08 ʌ Fond de plan: Plan de Paris, le 01/10/2024",6 A,text_parsed,1,17,
B_09.pdf,Règlement\Documents graphiques\Atlas 2\B_09.pdf,,"Feuille B-09 ʌ B-08 ʌ Feuille B-09 ʌ B-08 ʌ 15ème et 16ème arrondissements Plan Local d'Urbanisme de Paris Feuille B-09 v B-10 v Feuille B-09 v B-10 v ʌ A-09 ʌ ʌ C-09 ʌ Fo nd d e plan: Plan d e Paris, le 01/10/2024",17 A,text_parsed,1,12,
B_10.pdf,Règlement\Documents graphiques\Atlas 2\B_10.pdf,,Issy-les-Moulineaux,2 Z,text_parsed,1,18,
B_11.pdf,Règlement\Documents graphiques\Atlas 2\B_11.pdf,,Issy-les-Moulineaux,68 Z,text_parsed,1,6,
C_03.pdf,Règlement\Documents graphiques\Atlas 2\C_03.pdf,,Levallois-Perret Neuilly-sur-Seine,41 A,text_parsed,1,17,
C_04.pdf,Règlement\Documents graphiques\Atlas 2\C_04.pdf,,Neuilly-sur-Seine,15 A,text_parsed,3,22,
C_05.pdf,Règlement\Documents graphiques\Atlas 2\C_05.pdf,,"Feuille C-05 ʌ C-04 ʌ Feuille C-05 ʌ C-04 ʌ 16ème arrondissement Plan Local d'Urbanisme de Paris Feuille C-05 v C-06 v Feuille C-05 v C-06 v ʌ B-05 ʌ ʌ D-05 ʌ Fond de plan: Plan de Paris, le 01/10/2024",27 A,text_parsed,3,11,
C_06_A_251216.pdf,Règlement\Documents graphiques\Atlas 2\C_06_A_251216.pdf,,"Feuille C-06 ʌ C-05 ʌ Feuille C-06 ʌ C-05 ʌ 16ème arrondissement Plan Local d'Urbanisme de Paris Feuille C-06 v C-07 v Feuille C-06 v C-07 v ʌ B-06 ʌ ʌ D-06 ʌ Fond de plan: Plan de Paris, le 01/10/2024",28 A,text_parsed,1,7,
C_07.pdf,Règlement\Documents graphiques\Atlas 2\C_07.pdf,,"Feuille C-07 ʌ C-06 ʌ Feuille C-07 ʌ C-06 ʌ 16ème arrondissement Plan Local d'Urbanisme de Paris Feuille C-07 v C-08 v Feuille C-07 v C-08 v ʌ B-07 ʌ ʌ D-07 ʌ Fond de plan: Plan de Paris, le 01/10/2024",48 C,text_parsed,1,25,
C_08_A_251216.pdf,Règlement\Documents graphiques\Atlas 2\C_08_A_251216.pdf,,Voir aussi les orientations d' amé nagement et de programmation,18 A,text_parsed,1,36,
C_09_A_251216.pdf,Règlement\Documents graphiques\Atlas 2\C_09_A_251216.pdf,,Voir aussi les orientations d' amé nagement et de programmation,1 S,text_parsed,1,37,
C_10.pdf,Règlement\Documents graphiques\Atlas 2\C_10.pdf,,"Balard Petite Ceinture Petite Ceinture Feuille C-10 ʌ C-09 ʌ Feuille C-10 ʌ C-09 ʌ 15ème arrondissement Plan Local d'Urbanisme de Paris Feuille C-10 v C-11 v Feuille C-10 v C-11 v ʌ B-10 ʌ ʌ D-10 ʌ Fond de plan: Plan de Paris, le 01/10/2024",164 P,text_parsed,1,12,
C_11.pdf,Règlement\Documents graphiques\Atlas 2\C_11.pdf,,Issy-les-Moulineaux Vanves,2 P,text_parsed,1,4,
Consultation_des_planches_au_1_sur_2000.pdf,Règlement\Documents graphiques\Atlas 2\Consultation_des_planches_au_1_sur_2000.pdf,,Consultation des planches au 1/2000 :  Plan détaillé - Feuille A-08  Plan détaillé - Feuille A-09  Plan détaillé - Feuille A-10  Plan détaillé - Feuille B-05  Plan détaillé - Feuille B-06  Plan détaillé - Feuille B-07  Plan détaillé - Feuille B-08  Plan détaillé - Feuille B-09  Plan détaillé - Feuille B-10  Plan détaillé - Feuille B-11  Plan détaillé - Feuille C-03  Plan détaillé - Feuille C-04  Plan détaillé - Feuille C-05  Plan détaillé - Feuille C-06  Plan détaillé - Feuille C-07  Plan détaillé - Feuille C-08  Plan détaillé - Feuille C-09  Plan détaillé - Feuille C-10  Plan détaillé - Feuille C-11  Plan détaillé - Feuille D-02  Plan détaillé - Feuille D-03  Plan détaillé - Feuille D-04  Plan détaillé - Feuille D-05  Plan détaillé - Feuille D-06  Plan détaillé - Feuille D-07  Plan détaillé - Feuille D-08  Plan détaillé - Feuille D-09  Plan détaillé - Feuille D-10  Plan détaillé - Feuille D-11  Plan détaillé - Feuille D-12  Plan détaillé - Feuille E-01  Plan détaillé - Feuille E-02  Plan détaillé - Feuille E-03  Plan détaillé - Feuille E-04  Plan détaillé - Feuille E-05  Plan détaillé - Feuille E-06  Plan détaillé - Feuille E-07  Plan détaillé - Feuille E-08  Plan détaillé - Feuille E-09  Plan détaillé - Feuille E-10  Plan détaillé - Feuille E-11  Plan détaillé - Feuille E-12  Plan détaillé - Feuille F-01  Plan détaillé - Feuille F-02  Plan détaillé - Feuille F-03,,none,0,0,
D_02.pdf,Règlement\Documents graphiques\Atlas 2\D_02.pdf,,Levallois-Perret Clichy,12 A,text_parsed,1,8,
D_03_A_251216.pdf,Règlement\Documents graphiques\Atlas 2\D_03_A_251216.pdf,,Levallois-Perret,118 M,text_parsed,1,19,
D_04.pdf,Règlement\Documents graphiques\Atlas 2\D_04.pdf,,"Feuille D-04 ʌ D-03 ʌ Feuille D-04 ʌ D-03 ʌ 8ème et 17ème arrondissements Plan Local d'Urbanisme de Paris Feuille D-04 v D-05 v Feuille D-04 v D-05 v ʌ C-04 ʌ ʌ E-04 ʌ Fond de plan: Plan de Paris, le 01/10/2024",1 P2,text_parsed,1,20,
D_05_A_251216.pdf,Règlement\Documents graphiques\Atlas 2\D_05_A_251216.pdf,,"Feuille D-05 ʌ D-04 ʌ Feuille D-05 ʌ D-04 ʌ 8ème, 16ème et 17ème arrondissements Plan Local d'Urbanisme de Paris Feuille D-05 v D-06 v Feuille D-05 v D-06 v ʌ C-05 ʌ ʌ E-05 ʌ Fond de plan: Plan de Paris, le 01/10/2024",27 A,text_parsed,1,6,
D_06_A_251216.pdf,Règlement\Documents graphiques\Atlas 2\D_06_A_251216.pdf,,"Feuille D-06 ʌ D-05 ʌ Feuille D-06 ʌ D-05 ʌ 7ème, 8ème et 16ème arrondissements Plan Local d'Urbanisme de Paris Feuille D-06 v D-07 v Feuille D-06 v D-07 v ʌ C-06 ʌ ʌ E-06 ʌ Fond de plan: Plan de Paris, le 01/10/2024",35 D,text_parsed,1,8,
D_07.pdf,Règlement\Documents graphiques\Atlas 2\D_07.pdf,,"Stade Emile Anthoine Feuille D-07 ʌ D-06 ʌ Feuille D-07 ʌ D-06 ʌ 7ème, 15ème et 16ème arrondissements Plan Local d'Urbanisme de Paris Feuille D-07 v D-08 v Feuille D-07 v D-08 v ʌ C-07 ʌ ʌ E-07 ʌ Fond de plan: Plan de Paris, le 01/10/2024",21 P,text_parsed,1,6,
D_08_A_251216.pdf,Règlement\Documents graphiques\Atlas 2\D_08_A_251216.pdf,,"Feuille D-08 ʌ D-07 ʌ Feuille D-08 ʌ D-07 ʌ 7ème et 15ème arrondissements Plan Local d'Urbanisme de Paris Feuille D-08 v D-09 v Feuille D-08 v D-09 v ʌ C-08 ʌ ʌ E-08 ʌ Fond de plan: Plan de Paris, le 01/10/2024",28 A,text_parsed,1,18,
D_09_A_251216.pdf,Règlement\Documents graphiques\Atlas 2\D_09_A_251216.pdf,,"Feuille D-09 ʌ D-08 ʌ Feuille D-09 ʌ D-08 ʌ 15ème arrondissement Plan Local d'Urbanisme de Paris Feuille D-09 v D-10 v Feuille D-09 v D-10 v ʌ C-09 ʌ ʌ E-09 ʌ Fond de plan: Plan de Paris, le 01/10/2024",127 A,text_parsed,1,28,
D_10_A_251216.pdf,Règlement\Documents graphiques\Atlas 2\D_10_A_251216.pdf,,"Feuille D-10 ʌ D-09 ʌ Feuille D-10 ʌ D-09 ʌ 15ème arrondissement Plan Local d'Urbanisme de Paris Feuille D-10 v D-11 v Feuille D-10 v D-11 v ʌ C-10 ʌ ʌ E-10 ʌ Fond de plan: Plan de Paris, le 01/10/2024",4 A,text_parsed,1,16,
D_11_A_251216.pdf,Règlement\Documents graphiques\Atlas 2\D_11_A_251216.pdf,,Vanves,99 P,text_parsed,1,18,
D_12.pdf,Règlement\Documents graphiques\Atlas 2\D_12.pdf,,Malakoff Vanves,62 64,text_parsed,1,2,
E_01.pdf,Règlement\Documents graphiques\Atlas 2\E_01.pdf,,Clichy,13 Z,text_parsed,1,2,
E_02.pdf,Règlement\Documents graphiques\Atlas 2\E_02.pdf,,Levallois-Perret Clichy,20 Z,text_parsed,1,87,
E_03_A_251216.pdf,Règlement\Documents graphiques\Atlas 2\E_03_A_251216.pdf,,"Clichy - Batignolles Petite             Ceinture Petite    Ceinture Petite                Ceinture Feuille E-03 ʌ E-02 ʌ Feuille E-03 ʌ E-02 ʌ 17ème arrondissement Plan Local d'Urbanisme de Paris Feuille E-03 v E-04 v Feuille E-03 v E-04 v ʌ D-03 ʌ ʌ F-03 ʌ Fond de plan: Plan de Paris, le 01/10/2024",12 A,text_parsed,1,19,
E_04.pdf,Règlement\Documents graphiques\Atlas 2\E_04.pdf,,"Feuille E-04 ʌ E-03 ʌ Feuille E-04 ʌ E-03 ʌ 8ème et 17ème arrondissements Plan Local d'Urbanisme de Paris Feuille E-04 v E-05 v Feuille E-04 v E-05 v ʌ D-04 ʌ ʌ F-04 ʌ Fond de plan: Plan de Paris, le 01/10/2024",24 A,text_parsed,1,6,
E_05_A_251216.pdf,Règlement\Documents graphiques\Atlas 2\E_05_A_251216.pdf,,"Feuille E-05 ʌ E-04 ʌ Feuille E-05 ʌ E-04 ʌ 8ème arrondissement Plan Local d'Urbanisme de Paris Feuille E-05 v E-06 v Feuille E-05 v E-06 v ʌ D-05 ʌ ʌ F-05 ʌ Fond de plan: Plan de Paris, le 01/10/2024",92 A,text_parsed,1,17,
E_06_A_251216.pdf,Règlement\Documents graphiques\Atlas 2\E_06_A_251216.pdf,,"Feuille E-06 ʌ E-05 ʌ Feuille E-06 ʌ E-05 ʌ 7ème et 8ème arrondissements Plan Local d'Urbanisme de Paris Feuille E-06 v E-07 v Feuille E-06 v E-07 v ʌ D-06 ʌ ʌ F-06 ʌ Fond de plan: Plan de Paris, le 01/10/2024",12 P,text_parsed,1,4,
E_07.pdf,Règlement\Documents graphiques\Atlas 2\E_07.pdf,,"Feuille E-07 ʌ E-06 ʌ Feuille E-07 ʌ E-06 ʌ 7ème arrondissement Plan Local d'Urbanisme de Paris Feuille E-07 v E-08 v Feuille E-07 v E-08 v ʌ D-07 ʌ ʌ F-07 ʌ Fond de plan: Plan de Paris, le 01/10/2024",147 C,text_parsed,1,13,
E_08.pdf,Règlement\Documents graphiques\Atlas 2\E_08.pdf,,"Feuille E-08 ʌ E-07 ʌ Feuille E-08 ʌ E-07 ʌ 7ème et 15ème arrondissements Plan Local d'Urbanisme de Paris Feuille E-08 v E-09 v Feuille E-08 v E-09 v ʌ D-08 ʌ ʌ F-08 ʌ Fond de plan: Plan de Paris, le 01/10/2024",3 S,text_parsed,1,8,
E_09.pdf,Règlement\Documents graphiques\Atlas 2\E_09.pdf,,"Site Miollis Feuille E-09 ʌ E-08 ʌ Feuille E-09 ʌ E-08 ʌ 7ème et 15ème arrondissements Plan Local d'Urbanisme de Paris Feuille E-09 v E-10 v Feuille E-09 v E-10 v ʌ D-09 ʌ ʌ F-09 ʌ Fond de plan: Plan de Paris, le 01/10/2024",31 P,text_parsed,1,23,
E_10_A_251216.pdf,Règlement\Documents graphiques\Atlas 2\E_10_A_251216.pdf,,Voir aussi les orientations d' amé nag ement,21 P,text_parsed,1,48,
E_11_A_251216.pdf,Règlement\Documents graphiques\Atlas 2\E_11_A_251216.pdf,,Voir au ssi les orientations d' aménag ement,193 P,text_parsed,1,37,
E_12.pdf,Règlement\Documents graphiques\Atlas 2\E_12.pdf,,Montrouge Malakoff,2 A,text_parsed,1,21,
F_01.pdf,Règlement\Documents graphiques\Atlas 2\F_01.pdf,,Clichy Saint-Ouen,8 P1,text_parsed,1,12,
F_02.pdf,Règlement\Documents graphiques\Atlas 2\F_02.pdf,,"Clichy Batignolles Feuille F-02 ʌ F-01 ʌ Feuille F-02 ʌ F-01 ʌ 17ème et 18ème arrondissement Plan Local d'Urbanisme de Paris Feuille F-02 v F-03 v Feuille F-02 v F-03 v ʌ E-02 ʌ ʌ G-02 ʌ Fond de plan: Plan de Paris, le 01/10/2024",26 Z,text_parsed,1,32,
F_03_A_251216.pdf,Règlement\Documents graphiques\Atlas 2\F_03_A_251216.pdf,,"Feuille F-03 ʌ F-02 ʌ Feuille F-03 ʌ F-02 ʌ 8ème, 9ème, 17ème et 18ème arrondissement Plan Local d'Urbanisme de Paris Feuille F-03 v F-04 v Feuille F-03 v F-04 v ʌ E-03 ʌ ʌ G-03 ʌ Fond de plan: Plan de Paris, le 01/10/2024",22 C,text_parsed,1,24,
F_04_A_251216.pdf,Règlement\Documents graphiques\Atlas 2\F_04_A_251216.pdf,,"Feuille F-04 ʌ F-03 ʌ Feuille F-04 ʌ F-03 ʌ 8ème et 9ème arrondissements Plan Local d'Urbanisme de Paris Feuille F-04 v F-05 v Feuille F-04 v F-05 v ʌ E-04 ʌ ʌ G-04 ʌ Fond de plan: Plan de Paris, le 01/10/2024",30 P,text_parsed,1,15,
F_05_A_251216.pdf,Règlement\Documents graphiques\Atlas 2\F_05_A_251216.pdf,,"Feuille F-05 ʌ F-04 ʌ Feuille F-05 ʌ F-04 ʌ 1er, 2ème, 8ème et 9ème arrondissement Plan Local d'Urbanisme de Paris Feuille F-05 v F-06 v Feuille F-05 v F-06 v ʌ E-05 ʌ ʌ G-05 ʌ Fond de plan: Plan de Paris, le 01/10/2024",8 06,text_parsed,1,18,
F_06.pdf,Règlement\Documents graphiques\Atlas 2\F_06.pdf,,"Feuille F-06 ʌ F-05 ʌ Feuille F-06 ʌ F-05 ʌ 1er, 7ème et 8ème arrondissements Plan Local d'Urbanisme de Paris Feuille F-06 v F-07 v Feuille F-06 v F-07 v ʌ E-06 ʌ ʌ G-06 ʌ Fond de plan: Plan de Paris, le 01/10/2024",370 P,text_parsed,1,7,
F_07.pdf,Règlement\Documents graphiques\Atlas 2\F_07.pdf,,"Feuille F-07 ʌ F-06 ʌ Feuille F-07 ʌ F-06 ʌ 1er et 7ème arrondissements Plan Local d'Urbanisme de Paris Feuille F-07 v F-08 v Feuille F-07 v F-08 v ʌ E-07 ʌ ʌ G-07 ʌ Fond de plan: Plan de Paris, le 01/10/2024",63 A,text_parsed,1,7,
F_08.pdf,Règlement\Documents graphiques\Atlas 2\F_08.pdf,,"Feuille F-08 ʌ F-07 ʌ Feuille F-08 ʌ F-07 ʌ 6ème et 7ème arrondissements Plan Local d'Urbanisme de Paris Feuille F-08 v F-09 v Feuille F-08 v F-09 v ʌ E-08 ʌ ʌ G-08 ʌ Fond de plan: Plan de Paris, le 01/10/2024",59 A,text_parsed,1,15,
F_09_A_251216.pdf,Règlement\Documents graphiques\Atlas 2\F_09_A_251216.pdf,,Voir aussi le s orie ntations d' amé nage me nt,31 P,text_parsed,1,18,
F_10.pdf,Règlement\Documents graphiques\Atlas 2\F_10.pdf,,Voir aus s i les orientations d' aménagement,9 P,text_parsed,1,33,
F_11.pdf,Règlement\Documents graphiques\Atlas 2\F_11.pdf,,"Feuille F-11 ʌ F-10 ʌ Feuille F-11 ʌ F-10 ʌ 14ème arrondissement Plan Local d'Urbanisme de Paris Feuille F-11 v F-12 v Feuille F-11 v F-12 v ʌ E-11 ʌ ʌ G-11 ʌ Fond de plan: Plan de Paris, le 01/10/2024",1 M1,text_parsed,1,24,
F_12.pdf,Règlement\Documents graphiques\Atlas 2\F_12.pdf,,Montrouge,62 P,text_parsed,1,21,
F_13.pdf,Règlement\Documents graphiques\Atlas 2\F_13.pdf,,Montrouge Gentilly,,none,0,0,
G_01.pdf,Règlement\Documents graphiques\Atlas 2\G_01.pdf,,Saint-Ouen,14 P,text_parsed,1,36,
G_02.pdf,Règlement\Documents graphiques\Atlas 2\G_02.pdf,,Voir aussi les orientations d' aménagement,12 A,text_parsed,1,48,
G_03.pdf,Règlement\Documents graphiques\Atlas 2\G_03.pdf,,"Feuille G-03 ʌ G-02 ʌ Feuille G-03 ʌ G-02 ʌ 9ème et 18ème arrondissement Plan Local d'Urbanisme de Paris Feuille G-03 v G-04 v Feuille G-03 v G-04 v ʌ F-03 ʌ ʌ H-03 ʌ Fond de plan: Plan de Paris, le 01/10/2024",48 A,text_parsed,1,34,
G_04.pdf,Règlement\Documents graphiques\Atlas 2\G_04.pdf,,"Feuille G-04 ʌ G-03 ʌ Feuille G-04 ʌ G-03 ʌ 8ème et 9ème arrondissements Plan Local d'Urbanisme de Paris Feuille G-04 v G-05 v Feuille G-04 v G-05 v ʌ F-04 ʌ ʌ H-04 ʌ Fond de plan: Plan de Paris, le 01/10/2024",23 A,text_parsed,1,24,
G_05.pdf,Règlement\Documents graphiques\Atlas 2\G_05.pdf,,"Feuille G-05 ʌ G-04 ʌ Feuille G-05 ʌ G-04 ʌ 2ème et 9ème arrondissements Plan Local d'Urbanisme de Paris Feuille G-05 v G-06 v Feuille G-05 v G-06 v ʌ F-05 ʌ ʌ H-05 ʌ Fond de plan: Plan de Paris, le 01/10/2024",9 A,text_parsed,1,17,
G_06_A_251216.pdf,Règlement\Documents graphiques\Atlas 2\G_06_A_251216.pdf,,"Feuille G-06 ʌ G-05 ʌ Feuille G-06 ʌ G-05 ʌ 1er et 2ème arrondissements Plan Local d'Urbanisme de Paris Feuille G-06 v G-07 v Feuille G-06 v G-07 v ʌ F-06 ʌ ʌ H-06 ʌ Fond de plan: Plan de Paris, le 01/10/2024",196 A,text_parsed,1,14,
G_07.pdf,Règlement\Documents graphiques\Atlas 2\G_07.pdf,,"Feuille G-07 ʌ G-06 ʌ Feuille G-07 ʌ G-06 ʌ 1er, 6ème et 7ème arrondissements Plan Local d'Urbanisme de Paris Feuille G-07 v G-08 v Feuille G-07 v G-08 v ʌ F-07 ʌ ʌ H-07 ʌ Fond de plan: Plan de Paris, le 01/10/2024",1 A,text_parsed,1,20,
G_08.pdf,Règlement\Documents graphiques\Atlas 2\G_08.pdf,,"Feuille G-08 ʌ G-07 ʌ Feuille G-08 ʌ G-07 ʌ 5ème, 6ème et 7ème arrondissements Plan Local d'Urbanisme de Paris Feuille G-08 v G-09 v Feuille G-08 v G-09 v ʌ F-08 ʌ ʌ H-08 ʌ Fond de plan: Plan de Paris, le 01/10/2024",46 M,text_parsed,1,13,
G_09.pdf,Règlement\Documents graphiques\Atlas 2\G_09.pdf,,"Feuille G-09 ʌ G-08 ʌ Feuille G-09 ʌ G-08 ʌ 5ème et 6ème arrondissements Plan Local d'Urbanisme de Paris Feuille G-09 v G-10 v Feuille G-09 v G-10 v ʌ F-09 ʌ ʌ H-09 ʌ Fond de plan: Plan de Paris, le 01/10/2024",27 M,text_parsed,1,11,
G_10_A_251216.pdf,Règlement\Documents graphiques\Atlas 2\G_10_A_251216.pdf,,Voir aussi les orientations d' amé nagement,14 A,text_parsed,1,13,
G_11.pdf,Règlement\Documents graphiques\Atlas 2\G_11.pdf,,"Abords de l'établissement pénitentiaire de la Santé La Rochefoucauld Feuille G-11 ʌ G-10 ʌ Feuille G-11 ʌ G-10 ʌ 13ème et 14ème arrondissements Plan Local d'Urbanisme de Paris Feuille G-11 v G-12 v Feuille G-11 v G-12 v ʌ F-11 ʌ ʌ H-11 ʌ Fond de plan: Plan de Paris, le 01/10/2024",1 Z,text_parsed,1,22,
G_12_A_251216.pdf,Règlement\Documents graphiques\Atlas 2\G_12_A_251216.pdf,,"Petite Ceinture Feuille G-12 ʌ G-11 ʌ Feuille G-12 ʌ G-11 ʌ 13ème et 14ème arrondissements Plan Local d'Urbanisme de Paris Feuille G-12 v G-13 v Feuille G-12 v G-13 v ʌ F-12 ʌ ʌ H-12 ʌ Fond de plan: Plan de Paris, le 01/10/2024",5 Z,text_parsed,1,28,
G_13_A_251216.pdf,Règlement\Documents graphiques\Atlas 2\G_13_A_251216.pdf,,Montrouge Gentilly,24 A,text_parsed,1,3,
H_01.pdf,Règlement\Documents graphiques\Atlas 2\H_01.pdf,,Saint-Denis Saint-Ouen,55 A,text_parsed,1,25,
H_02.pdf,Règlement\Documents graphiques\Atlas 2\H_02.pdf,,Voir aussi les orientations d' amé nag ement,38 P,text_parsed,1,33,
H_03.pdf,Règlement\Documents graphiques\Atlas 2\H_03.pdf,,"Feuille H-03 ʌ H-02 ʌ Feuille H-03 ʌ H-02 ʌ 9ème, 10ème et 18ème arrondissement Plan Local d'Urbanisme de Paris Feuille H-03 v H-04 v Feuille H-03 v H-04 v ʌ G-03 ʌ ʌ I-03 ʌ Fond de plan: Plan de Paris, le 01/10/2024",38 P,text_parsed,1,29,
H_04.pdf,Règlement\Documents graphiques\Atlas 2\H_04.pdf,,"Feuille H-04 ʌ H-03 ʌ Feuille H-04 ʌ H-03 ʌ 9ème et 10ème arrondissements Plan Local d'Urbanisme de Paris Feuille H-04 v H-05 v Feuille H-04 v H-05 v ʌ G-04 ʌ ʌ I-04 ʌ Fond de plan: Plan de Paris, le 01/10/2024",26 A,text_parsed,1,20,
H_05.pdf,Règlement\Documents graphiques\Atlas 2\H_05.pdf,,"Feuille H-05 ʌ H-04 ʌ Feuille H-05 ʌ H-04 ʌ 2ème, 3ème, 9ème et 10ème arrondissements Plan Local d'Urbanisme de Paris Feuille H-05 v H-06 v Feuille H-05 v H-06 v ʌ G-05 ʌ ʌ I-05 ʌ Fond de plan: Plan de Paris, le 01/10/2024",1 S,text_parsed,1,18,
H_06.pdf,Règlement\Documents graphiques\Atlas 2\H_06.pdf,,"Les Halles Feuille H-06 ʌ H-05 ʌ Feuille H-06 ʌ H-05 ʌ 1er, 2ème, 3ème et 4ème arrondissements Plan Local d'Urbanisme de Paris Feuille H-06 v H-07 v Feuille H-06 v H-07 v ʌ G-06 ʌ ʌ I-06 ʌ Fond de plan: Plan de Paris, le 01/10/2024",31 A,text_parsed,1,18,
H_07.pdf,Règlement\Documents graphiques\Atlas 2\H_07.pdf,,"Les Halles Feuille H-07 ʌ H-06 ʌ Feuille H-07 ʌ H-06 ʌ 1er, 3ème et 4ème arrondissements Plan Local d'Urbanisme de Paris Feuille H-07 v H-08 v Feuille H-07 v H-08 v ʌ G-07 ʌ ʌ I-07 ʌ Fond de plan: Plan de Paris, le 01/10/2024",2 S,text_parsed,1,24,
H_08_A_251216.pdf,Règlement\Documents graphiques\Atlas 2\H_08_A_251216.pdf,,"Hôtel-Dieu Feuille H-08 ʌ H-07 ʌ Feuille H-08 ʌ H-07 ʌ 1er, 4ème, 5ème et 6ème arrondissements Plan Local d'Urbanisme de Paris Feuille H-08 v H-09 v Feuille H-08 v H-09 v ʌ G-08 ʌ ʌ I-08 ʌ Fond de plan: Plan de Paris, le 01/10/2024",10 A,text_parsed,1,15,
H_09.pdf,Règlement\Documents graphiques\Atlas 2\H_09.pdf,,"ESPCI Pierre Brossolette Feuille H-09 ʌ H-08 ʌ Feuille H-09 ʌ H-08 ʌ 5ème arrondissement Plan Local d'Urbanisme de Paris Feuille H-09 v H-10 v Feuille H-09 v H-10 v ʌ G-09 ʌ ʌ I-09 ʌ Fond de plan: Plan de Paris, le 01/10/2024",10 P,text_parsed,1,28,
H_10_A_251216.pdf,Règlement\Documents graphiques\Atlas 2\H_10_A_251216.pdf,,"ESPCI Pierre Brossolette Feuille H-10 ʌ H-09 ʌ Feuille H-10 ʌ H-09 ʌ 5ème et 13ème arrondissements Plan Local d'Urbanisme de Paris Feuille H-10 v H-11 v Feuille H-10 v H-11 v ʌ G-10 ʌ ʌ I-10 ʌ Fond de plan: Plan de Paris, le 01/10/2024",8 S,text_parsed,1,24,
H_11.pdf,Règlement\Documents graphiques\Atlas 2\H_11.pdf,,"Italie Reculettes Feuille H-11 ʌ H-10 ʌ Feuille H-11 ʌ H-10 ʌ 13ème arrondissement Plan Local d'Urbanisme de Paris Feuille H-11 v H-12 v Feuille H-11 v H-12 v ʌ G-11 ʌ ʌ I-11 ʌ Fond de plan: Plan de Paris, le 01/10/2024",23 A,text_parsed,1,20,
H_12_A_251216.pdf,Règlement\Documents graphiques\Atlas 2\H_12_A_251216.pdf,,"Ceinture Petite Feuille H-12 ʌ H-11 ʌ Feuille H-12 ʌ H-11 ʌ 13ème arrondissement Plan Local d'Urbanisme de Paris Feuille H-12 v H-13 v Feuille H-12 v H-13 v ʌ G-12 ʌ ʌ I-12 ʌ Fond de plan: Plan de Paris, le 01/10/2024",13 A,text_parsed,1,55,
H_13.pdf,Règlement\Documents graphiques\Atlas 2\H_13.pdf,,Le Kremlin-Bicêtre Gentilly,46 Z,text_parsed,1,26,
I_01.pdf,Règlement\Documents graphiques\Atlas 2\I_01.pdf,,Aubervilliers Saint-Denis,192 S3,text_parsed,1,16,
I_02.pdf,Règlement\Documents graphiques\Atlas 2\I_02.pdf,,Voir aussi les orientations d' amé nag ement,31 A,text_parsed,1,26,
I_03.pdf,Règlement\Documents graphiques\Atlas 2\I_03.pdf,,"Feuille I-03 ʌ I-02 ʌ Feuille I-03 ʌ I-02 ʌ 10ème, 18ème et 19ème arrondissement Plan Local d'Urbanisme de Paris Feuille I-03 v I-04 v Feuille I-03 v I-04 v ʌ H-03 ʌ ʌ J-03 ʌ Fond de plan: Plan de Paris, le 01/10/2024",18 A,text_parsed,1,39,
I_04_A_251216.pdf,Règlement\Documents graphiques\Atlas 2\I_04_A_251216.pdf,,"Feuille I-04 ʌ I-03 ʌ Feuille I-04 ʌ I-03 ʌ 10ème arrondissement Plan Local d'Urbanisme de Paris Feuille I-04 v I-05 v Feuille I-04 v I-05 v ʌ H-04 ʌ ʌ J-04 ʌ Fond de plan: Plan de Paris, le 01/10/2024",4 A,text_parsed,1,30,
I_05.pdf,Règlement\Documents graphiques\Atlas 2\I_05.pdf,,"Feuille I-05 ʌ I-04 ʌ Feuille I-05 ʌ I-04 ʌ 10ème et 11ème arrondissements Plan Local d'Urbanisme de Paris Feuille I-05 v I-06 v Feuille I-05 v I-06 v ʌ H-05 ʌ ʌ J-05 ʌ Fond de plan: Plan de Paris, le 01/10/2024",4 A,text_parsed,1,31,
I_06.pdf,Règlement\Documents graphiques\Atlas 2\I_06.pdf,,"Feuille I-06 ʌ I-05 ʌ Feuille I-06 ʌ I-05 ʌ 3ème, 10ème et 11ème arrondissements Plan Local d'Urbanisme de Paris Feuille I-06 v I-07 v Feuille I-06 v I-07 v ʌ H-06 ʌ ʌ J-06 ʌ Fond de plan: Plan de Paris, le 01/10/2024",1 M,text_parsed,1,19,
I_07.pdf,Règlement\Documents graphiques\Atlas 2\I_07.pdf,,"Feuille I-07 ʌ I-06 ʌ Feuille I-07 ʌ I-06 ʌ 3ème, 4ème et 11ème arrondissements Plan Local d'Urbanisme de Paris Feuille I-07 v I-08 v Feuille I-07 v I-08 v ʌ H-07 ʌ ʌ J-07 ʌ Fond de plan: Plan de Paris, le 01/10/2024",2 S,text_parsed,1,45,
I_08.pdf,Règlement\Documents graphiques\Atlas 2\I_08.pdf,,"Opéra Bastille Feuille I-08 ʌ I-07 ʌ Feuille I-08 ʌ I-07 ʌ 4ème, 5ème, 11ème et 12ème arrondissements Plan Local d'Urbanisme de Paris Feuille I-08 v I-09 v Feuille I-08 v I-09 v ʌ H-08 ʌ ʌ J-08 ʌ Fond de plan: Plan de Paris, le 01/10/2024",3 Z,text_parsed,1,15,
I_09.pdf,Règlement\Documents graphiques\Atlas 2\I_09.pdf,,Voir aussi les orientations d' amé nag ement,252 A,text_parsed,1,9,
I_10.pdf,Règlement\Documents graphiques\Atlas 2\I_10.pdf,,Voir aussi les orientations d' amé nag ement,15 Z,text_parsed,1,38,
I_11.pdf,Règlement\Documents graphiques\Atlas 2\I_11.pdf,,"PARIS RIVE GAUCHE Feuille I-11 ʌ I-10 ʌ Feuille I-11 ʌ I-10 ʌ 13ème arrondissement Plan Local d'Urbanisme de Paris Feuille I-11 v I-12 v Feuille I-11 v I-12 v ʌ H-11 ʌ ʌ J-11 ʌ Fond de plan: Plan de Paris, le 01/10/2024",134 A,text_parsed,1,33,
I_12.pdf,Règlement\Documents graphiques\Atlas 2\I_12.pdf,,Voir aussi les orientations d' amé nag ement et de prog r ammation,13 A,text_parsed,1,49,
I_13.pdf,Règlement\Documents graphiques\Atlas 2\I_13.pdf,,Le Kremlin-Bicêtre Ivry-sur-Seine,41 P3,text_parsed,1,24,
J_01.pdf,Règlement\Documents graphiques\Atlas 2\J_01.pdf,,Aubervilliers,41 Z,text_parsed,1,32,
J_02.pdf,Règlement\Documents graphiques\Atlas 2\J_02.pdf,,Voir aussi les orientations d' aménagement,145 P2,text_parsed,1,53,
J_03.pdf,Règlement\Documents graphiques\Atlas 2\J_03.pdf,,"Feuille J-03 ʌ J-02 ʌ Feuille J-03 ʌ J-02 ʌ 10ème et 19ème arrondissement Plan Local d'Urbanisme de Paris Feuille J-03 v J-04 v Feuille J-03 v J-04 v ʌ I-03 ʌ ʌ K-03 ʌ Fond de plan: Plan de Paris, le 01/10/2024",1 U,text_parsed,1,40,
J_04.pdf,Règlement\Documents graphiques\Atlas 2\J_04.pdf,,"Feuille J-04 ʌ J-03 ʌ Feuille J-04 ʌ J-03 ʌ 10ème et 19ème arrondissements Plan Local d'Urbanisme de Paris Feuille J-04 v J-05 v Feuille J-04 v J-05 v ʌ I-04 ʌ ʌ K-04 ʌ Fond de plan: Plan de Paris, le 01/10/2024",22 A,text_parsed,1,13,
J_05.pdf,Règlement\Documents graphiques\Atlas 2\J_05.pdf,,"Feuille J-05 ʌ J-04 ʌ Feuille J-05 ʌ J-04 ʌ 10ème, 11ème, 19ème et 20ème arrondissements Plan Local d'Urbanisme de Paris Feuille J-05 v J-06 v Feuille J-05 v J-06 v ʌ I-05 ʌ ʌ K-05 ʌ Fond de plan: Plan de Paris, le 01/10/2024",18 P,text_parsed,1,29,
J_06_A_251216.pdf,Règlement\Documents graphiques\Atlas 2\J_06_A_251216.pdf,,"Feuille J-06 ʌ J-05 ʌ Feuille J-06 ʌ J-05 ʌ 11ème et 20ème arrondissements Plan Local d'Urbanisme de Paris Feuille J-06 v J-07 v Feuille J-06 v J-07 v ʌ I-06 ʌ ʌ K-06 ʌ Fond de plan: Plan de Paris, le 01/10/2024",1 S,text_parsed,1,23,
J_07.pdf,Règlement\Documents graphiques\Atlas 2\J_07.pdf,,"Feuille J-07 ʌ J-06 ʌ Feuille J-07 ʌ J-06 ʌ 11ème arrondissement Plan Local d'Urbanisme de Paris Feuille J-07 v J-08 v Feuille J-07 v J-08 v ʌ I-07 ʌ ʌ K-07 ʌ Fond de plan: Plan de Paris, le 01/10/2024",12 M,text_parsed,1,14,
J_08.pdf,Règlement\Documents graphiques\Atlas 2\J_08.pdf,,"Opéra Bastille Feuille J-08 ʌ J-07 ʌ Feuille J-08 ʌ J-07 ʌ 11ème et 12ème arrondissements Plan Local d'Urbanisme de Paris Feuille J-08 v J-09 v Feuille J-08 v J-09 v ʌ I-08 ʌ ʌ K-08 ʌ Fond de plan: Plan de Paris, le 01/10/2024",19 S,text_parsed,1,51,
J_09.pdf,Règlement\Documents graphiques\Atlas 2\J_09.pdf,,Voir aussi le s orie ntations d' aménage me nt e t de p rogrammation,41 A,text_parsed,1,44,
J_10.pdf,Règlement\Documents graphiques\Atlas 2\J_10.pdf,,Voir au ssi les orien tation s d ' amén agemen t et d e programmation,2 Z,text_parsed,1,29,
J_11.pdf,Règlement\Documents graphiques\Atlas 2\J_11.pdf,,Voir aussi les orien tation s d ' amén agemen t,19 Z,text_parsed,1,101,
J_12.pdf,Règlement\Documents graphiques\Atlas 2\J_12.pdf,,Ivry-sur-Seine,41 A,text_parsed,1,63,
J_13.pdf,Règlement\Documents graphiques\Atlas 2\J_13.pdf,,Ivry-sur-Seine,6 S1,text_parsed,1,4,
K_01.pdf,Règlement\Documents graphiques\Atlas 2\K_01.pdf,,Aubervilliers Pantin,1 P1,text_parsed,1,18,
K_02.pdf,Règlement\Documents graphiques\Atlas 2\K_02.pdf,,Pantin,23 P1,text_parsed,1,10,
K_03.pdf,Règlement\Documents graphiques\Atlas 2\K_03.pdf,,"Petite Ceinture etite nture Petite Ceinture Abords du boulevard Périphérique Feuille K-03 ʌ K-02 ʌ Feuille K-03 ʌ K-02 ʌ 19ème arrondissement Plan Local d'Urbanisme de Paris Feuille K-03 v K-04 v Feuille K-03 v K-04 v ʌ J-03 ʌ ʌ L-03 ʌ Fond de plan: Plan de Paris, le 01/10/2024",22 Z,text_parsed,1,37,
K_04.pdf,Règlement\Documents graphiques\Atlas 2\K_04.pdf,,"Feuille K-04 ʌ K-03 ʌ Feuille K-04 ʌ K-03 ʌ 19ème arrondissement Plan Local d'Urbanisme de Paris Feuille K-04 v K-05 v Feuille K-04 v K-05 v ʌ J-04 ʌ ʌ L-04 ʌ Fond de plan: Plan de Paris, le 01/10/2024",22 A,text_parsed,1,21,
K_05_A_251216.pdf,Règlement\Documents graphiques\Atlas 2\K_05_A_251216.pdf,,"Petite Ceinture Petite Ceinture Feuille K-05 ʌ K-04 ʌ Feuille K-05 ʌ K-04 ʌ 19ème et 20ème arrondissements Plan Local d'Urbanisme de Paris Feuille K-05 v K-06 v Feuille K-05 v K-06 v ʌ J-05 ʌ ʌ L-05 ʌ Fond de plan: Plan de Paris, le 01/10/2024",91 C,text_parsed,1,41,
K_06_A_251216.pdf,Règlement\Documents graphiques\Atlas 2\K_06_A_251216.pdf,,"einture Feuille K-06 ʌ K-05 ʌ Feuille K-06 ʌ K-05 ʌ 11ème et 20ème arrondissements Plan Local d'Urbanisme de Paris Feuille K-06 v K-07 v Feuille K-06 v K-07 v ʌ J-06 ʌ ʌ L-06 ʌ Fond de plan: Plan de Paris, le 01/10/2024",13 P,text_parsed,1,73,
K_07_A_251216.pdf,Règlement\Documents graphiques\Atlas 2\K_07_A_251216.pdf,,"Feuille K-07 ʌ K-06 ʌ Feuille K-07 ʌ K-06 ʌ 11ème et 20ème arrondissements Plan Local d'Urbanisme de Paris Feuille K-07 v K-08 v Feuille K-07 v K-08 v ʌ J-07 ʌ ʌ L-07 ʌ Fond de plan: Plan de Paris, le 01/10/2024",196 A,text_parsed,1,32,
K_08.pdf,Règlement\Documents graphiques\Atlas 2\K_08.pdf,,"Feuille K-08 ʌ K-07 ʌ Feuille K-08 ʌ K-07 ʌ 11ème, 12ème et 20ème arrondissements Plan Local d'Urbanisme de Paris Feuille K-08 v K-09 v Feuille K-08 v K-09 v ʌ J-08 ʌ ʌ L-08 ʌ Fond de plan: Plan de Paris, le 01/10/2024",1 U1,text_parsed,1,59,
K_09_A_251216.pdf,Règlement\Documents graphiques\Atlas 2\K_09_A_251216.pdf,,"Feuille K-09 ʌ K-08 ʌ Feuille K-09 ʌ K-08 ʌ 12ème arrondissement Plan Local d'Urbanisme de Paris Feuille K-09 v K-10 v Feuille K-09 v K-10 v ʌ J-09 ʌ ʌ L-09 ʌ Fond de plan: Plan de Paris, le 01/10/2024",14 P3,text_parsed,1,37,
K_10.pdf,Règlement\Documents graphiques\Atlas 2\K_10.pdf,,Vo ir aussi le s o rie ntatio ns d' aménage me nt e t de pro grammatio n,15 P1,text_parsed,1,31,
K_11.pdf,Règlement\Documents graphiques\Atlas 2\K_11.pdf,,Voir aussi les orientations d' amé nagement,38 P,text_parsed,1,21,
K_12.pdf,Règlement\Documents graphiques\Atlas 2\K_12.pdf,,Charenton-le-Pont Ivry-sur-Seine,41 A,text_parsed,1,7,
L_03.pdf,Règlement\Documents graphiques\Atlas 2\L_03.pdf,,Les Lilas Pantin Le Pré-Saint-Gervais,14 A,text_parsed,1,8,
L_04.pdf,Règlement\Documents graphiques\Atlas 2\L_04.pdf,,Les Lilas Le Pré-Saint-Gervais,3 S,text_parsed,1,11,
L_05_A_251216.pdf,Règlement\Documents graphiques\Atlas 2\L_05_A_251216.pdf,,"Porte des Lilas Abords du boulevard Périphérique Feuille L-05 ʌ L-04 ʌ Feuille L-05 ʌ L-04 ʌ 20ème arrondissement Plan Local d'Urbanisme de Paris Feuille L-05 v L-06 v Feuille L-05 v L-06 v ʌ K-05 ʌ ʌ M-05 ʌ Fond de plan: Plan de Paris, le 01/10/2024",5 Z,text_parsed,1,28,
L_06.pdf,Règlement\Documents graphiques\Atlas 2\L_06.pdf,,Voir aussi les orien tation s d' amén agemen t,8 P,text_parsed,1,20,
L_07.pdf,Règlement\Documents graphiques\Atlas 2\L_07.pdf,,Voir aussi les orientations d' am énagem ent,7 S,text_parsed,1,41,
L_08.pdf,Règlement\Documents graphiques\Atlas 2\L_08.pdf,,"Porte de Vincennes tite nture Petite Ceinture Feuille L-08 ʌ L-07 ʌ Feuille L-08 ʌ L-07 ʌ 11ème et 20ème arrondissements Plan Local d'Urbanisme de Paris Feuille L-08 v L-09 v Feuille L-08 v L-09 v ʌ K-08 ʌ ʌ M-08 ʌ Fond de plan: Plan de Paris, le 01/10/2024",93 P,text_parsed,1,39,
L_09_A_251216.pdf,Règlement\Documents graphiques\Atlas 2\L_09_A_251216.pdf,,"Porte de Vincennes Porte de Vincennes Petite Ceinture Petite Ceinture Feuille L-09 ʌ L-08 ʌ Feuille L-09 ʌ L-08 ʌ 11ème, 12ème et 20ème arrondissements Plan Local d'Urbanisme de Paris Feuille L-09 v L-10 v Feuille L-09 v L-10 v ʌ K-09 ʌ ʌ M-09 ʌ Fond de plan: Plan de Paris, le 01/10/2024",14 P3,text_parsed,1,28,
L_10.pdf,Règlement\Documents graphiques\Atlas 2\L_10.pdf,,"Petite Ceinture Petite Ceinture nture Feuille L-10 ʌ L-09 ʌ Feuille L-10 ʌ L-09 ʌ 12ème arrondissement Plan Local d'Urbanisme de Paris Feuille L-10 v L-11 v Feuille L-10 v L-11 v ʌ K-10 ʌ ʌ M-10 ʌ Fond de plan: Plan de Paris, le 01/10/2024",18 A,text_parsed,1,22,
L_11.pdf,Règlement\Documents graphiques\Atlas 2\L_11.pdf,,Charenton-le-Pont Saint-Mandé,1 S,text_parsed,1,5,
LEG2000.pdf,Règlement\Documents graphiques\Atlas 2\LEG2000.pdf,,"Légende des plans au 1/1000, 1/2000 et 1/5000",25 %,text_parsed,1,1,
M_05.pdf,Règlement\Documents graphiques\Atlas 2\M_05.pdf,,Les Lilas Bagnolet,5 Z,text_parsed,1,6,
M_06_A_251216.pdf,Règlement\Documents graphiques\Atlas 2\M_06_A_251216.pdf,,Montreuil Bagnolet,31 A,text_parsed,1,2,
M_07_A_251216.pdf,Règlement\Documents graphiques\Atlas 2\M_07_A_251216.pdf,,Montreuil Bagnolet,41 A,text_parsed,1,12,
M_08.pdf,Règlement\Documents graphiques\Atlas 2\M_08.pdf,,Montreuil Saint-Mandé Vincennes Bagnolet,Section Territoriale,text_parsed,3,1,
M_09.pdf,Règlement\Documents graphiques\Atlas 2\M_09.pdf,,Saint-Mandé Vincennes,112 P,text_parsed,1,7,
M_10.pdf,Règlement\Documents graphiques\Atlas 2\M_10.pdf,,Saint-Mandé Saint-Mandé,112 P,text_parsed,1,2,
Consultation_des_plans_des_secteurs_de_maisons_et_villas.pdf,Règlement\Documents graphiques\Atlas 3\Secteur maisons et villas\Consultation_des_plans_des_secteurs_de_maisons_et_villas.pdf,,"Consultation des plans des secteurs de maisons et villas :  Plan des secteurs de maisons et villa 7-1 et 8-2  Plan des secteurs de maisons et villa 8-1 et 8-3  Plan des secteurs de maisons et villa 9-1, 9-2 et 9-3  Plan du secteur de maisons et villa 10-1  Plan des secteurs de maisons et villa 12-3 et 12-4  Plan des secteurs de maisons et villa 12-5 et 12-6  Plan des secteurs de maisons et villa 13-1, 13-2, 13-15 et 13-16  Plan des secteurs de maisons et villa 13-4 et 13-6  Plan des secteurs de maisons et villa 13-7 et 13-17  Plan des secteurs de maisons et villa 13-3, 13-5 et 13-11  Plan des secteurs de maisons et villa 13-8 et 13-18  Plan des secteurs de maisons et villa 13-9, 13-10, 13-12, 13-13 et 13-14  Plan des secteurs de maisons et villa 14-1, 14-2 et 14-14  Plan des secteurs de maisons et villa 14-3, 14-11 et 14-15  Plan des secteurs de maisons et villa 14-14 et 14-16  Plan des secteurs de maisons et villa 14-5, 14-6, 14-7 et 14-17  Plan des secteurs de maisons et villa 14-8 et 14-12  Plan des secteurs de maisons et villa 14-9 et 14-18  Plan des secteurs de maisons et villa 14-10 et 14-13  Plan des secteurs de maisons et villa 14-20 et 14-21  Plan du secteur de maisons et villa 14-19  Plan des secteurs de maisons et villa 15-1, 15-2 et 15-3  Plan des secteurs de maisons et villa 15-4, 15-5 et 15-6  Plan des secteurs de maisons et villa 16-1, 16-2 et 16-3  Plan des secteurs de maisons et villa 16-4, 16-5 et 16-6  Plan des secteurs de maisons et villa 16-7 et 16-8  Plan des secteurs de maisons et villa 16-9, 16-10, 16-11 et 16-38  Plan des secteurs de maisons et villa 16-12, 16-13, 16-14, 16-18 et 16-26  Plan des secteurs de maisons et villa 16-15, 16-16 et 16-17  Plan des secteurs de maisons et villa 16-19, 16-20, 16-21 et 16-28  Plan des secteurs de maisons et villa 16-23, 16-24, 16-25, 16-33, 16-34, 16-35 et 16-36  Plan du secteur de maisons et villa 16-32  Plan des secteurs de maisons et villa 16-37, 16-39 et 16-40  Plan des secteurs de maisons et villa 16-27 et 16-31  Plan des secteurs de maisons et villa 16-29, 16-30 et 16-41  Plan du secteur de maisons et villa 17-2  Plan du secteur de maisons et villa 17-4  Plan du secteur de maisons et villa 17-1  Plan des secteurs de maisons et villa 18-1 et 18-8  Plan du secteur de maisons et villa 18-9  Plan des secteurs de maisons et villa 19-1, 19-14 et 19-19  Plan des secteurs de maisons et villa 19-15, 19-16 et 19-17  Plan du secteur de maisons et villa 19-2  Plan du secteur de maisons et villa 19-18  Plan des secteurs de maisons et villa 20-1, 20-2, 20-3, 20-14, 20-15",,none,0,0,
LEGSMV.pdf,Règlement\Documents graphiques\Atlas 3\Secteur maisons et villas\LEGSMV.pdf,,"Légende des plans au 1/1000, 1/2000 et 1/5000",25 %,text_parsed,1,1,
P07.pdf,Règlement\Documents graphiques\Atlas 3\Secteur maisons et villas\P07.pdf,D07_R2.mxd,! (,36 S,text_parsed,1,6,
P08.pdf,Règlement\Documents graphiques\Atlas 3\Secteur maisons et villas\P08.pdf,D08_R2.mxd,! (,34 A,text_parsed,1,9,
P09.pdf,Règlement\Documents graphiques\Atlas 3\Secteur maisons et villas\P09.pdf,D09_R2.mxd,! ( ! (,,none,0,0,
P10.pdf,Règlement\Documents graphiques\Atlas 3\Secteur maisons et villas\P10.pdf,,10,,none,0,0,
P11.pdf,Règlement\Documents graphiques\Atlas 3\Secteur maisons et villas\P11.pdf,D11_R2.mxd,! (,3 P,text_parsed,1,3,
P12.pdf,Règlement\Documents graphiques\Atlas 3\Secteur maisons et villas\P12.pdf,D12_R2.mxd,! (,13 E,text_parsed,1,9,
P13.pdf,Règlement\Documents graphiques\Atlas 3\Secteur maisons et villas\P13.pdf,D13_R2.mxd,! (,23 A,text_parsed,1,4,
P14.pdf,Règlement\Documents graphiques\Atlas 3\Secteur maisons et villas\P14.pdf,,14,175 A,text_parsed,1,1,
P15.pdf,Règlement\Documents graphiques\Atlas 3\Secteur maisons et villas\P15.pdf,D15_R2.mxd,! (,18 P,text_parsed,1,5,
P16.pdf,Règlement\Documents graphiques\Atlas 3\Secteur maisons et villas\P16.pdf,,16,52 A,text_parsed,1,8,
P17.pdf,Règlement\Documents graphiques\Atlas 3\Secteur maisons et villas\P17.pdf,D17_R2.mxd,! (,32 Z,text_parsed,1,6,
P18.pdf,Règlement\Documents graphiques\Atlas 3\Secteur maisons et villas\P18.pdf,,18,2 P,text_parsed,1,11,
P19.pdf,Règlement\Documents graphiques\Atlas 3\Secteur maisons et villas\P19.pdf,D19_R2.mxd,! (,34 A,text_parsed,1,1,
P20.pdf,Règlement\Documents graphiques\Atlas 3\Secteur maisons et villas\P20.pdf,D20_R2.mxd,! (,81 A,text_parsed,1,2,
P21.pdf,Règlement\Documents graphiques\Atlas 3\Secteur maisons et villas\P21.pdf,D21_R2.mxd,! (,14 (sol en Si),text_parsed,1,16,
P22.pdf,Règlement\Documents graphiques\Atlas 3\Secteur maisons et villas\P22.pdf,D22_R2.mxd,! (,4 m 50%,text_parsed,1,1,
P23.pdf,Règlement\Documents graphiques\Atlas 3\Secteur maisons et villas\P23.pdf,D23_R2.mxd,! (,12 P,text_parsed,1,3,
P24.pdf,Règlement\Documents graphiques\Atlas 3\Secteur maisons et villas\P24.pdf,,24,15 A,text_parsed,1,4,
P25.pdf,Règlement\Documents graphiques\Atlas 3\Secteur maisons et villas\P25.pdf,D25_R2.mxd,! ( ! (,34 S,text_parsed,1,3,
P26.pdf,Règlement\Documents graphiques\Atlas 3\Secteur maisons et villas\P26.pdf,D26_R2.mxd,! (,41 P,text_parsed,1,1,
P27.pdf,Règlement\Documents graphiques\Atlas 3\Secteur maisons et villas\P27.pdf,D27_R2.mxd,! (,65 C,text_parsed,1,4,
P28.pdf,Règlement\Documents graphiques\Atlas 3\Secteur maisons et villas\P28.pdf,D28_R2.mxd,! ( ! (,4 A,text_parsed,1,4,
P29.pdf,Règlement\Documents graphiques\Atlas 3\Secteur maisons et villas\P29.pdf,,29,1 Z,text_parsed,1,9,
P30.pdf,Règlement\Documents graphiques\Atlas 3\Secteur maisons et villas\P30.pdf,D30_R2.mxd,! ( ! (,section consulaire,text_parsed,3,5,
P31.pdf,Règlement\Documents graphiques\Atlas 3\Secteur maisons et villas\P31.pdf,D31_R2.mxd,! (,48 A,text_parsed,1,1,
P32.pdf,Règlement\Documents graphiques\Atlas 3\Secteur maisons et villas\P32.pdf,D32_R2.mxd,! ( ! (,section consulaire,text_parsed,3,4,
P33.pdf,Règlement\Documents graphiques\Atlas 3\Secteur maisons et villas\P33.pdf,D33_R2.mxd,! (,,none,0,0,
P34.pdf,Règlement\Documents graphiques\Atlas 3\Secteur maisons et villas\P34.pdf,D34_R2.mxd,! ( ! ( ! (,6 A,text_parsed,1,5,
P35.pdf,Règlement\Documents graphiques\Atlas 3\Secteur maisons et villas\P35.pdf,D35_R2.mxd,! (,23 A,text_parsed,1,1,
P36.pdf,Règlement\Documents graphiques\Atlas 3\Secteur maisons et villas\P36.pdf,D36_R2.mxd,! (,22 A,text_parsed,1,1,
P37.pdf,Règlement\Documents graphiques\Atlas 3\Secteur maisons et villas\P37.pdf,D37_R2.mxd,! ( ! ( ! ( ! (,17 A,text_parsed,1,3,
P38.pdf,Règlement\Documents graphiques\Atlas 3\Secteur maisons et villas\P38.pdf,D38_R2.mxd,! (,,none,0,0,
P39.pdf,Règlement\Documents graphiques\Atlas 3\Secteur maisons et villas\P39.pdf,D39_R2.mxd,! ( ! ( ! (,6 C,text_parsed,1,5,
P40.pdf,Règlement\Documents graphiques\Atlas 3\Secteur maisons et villas\P40.pdf,D40_D41_R2.mxd,! (,38 P,text_parsed,1,2,
P42.pdf,Règlement\Documents graphiques\Atlas 3\Secteur maisons et villas\P42.pdf,D42_D43_R2.mxd,! ( ! (,17 A,text_parsed,1,6,
P44.pdf,Règlement\Documents graphiques\Atlas 3\Secteur maisons et villas\P44.pdf,D44_R2.mxd,! (,22 Z,text_parsed,1,2,
P45.pdf,Règlement\Documents graphiques\Atlas 3\Secteur maisons et villas\P45.pdf,D45_R2.mxd,! (,5 SP,text_parsed,1,8,
P46.pdf,Règlement\Documents graphiques\Atlas 3\Secteur maisons et villas\P46.pdf,D46_R2.mxd,! (,61 A,text_parsed,1,3,
P47.pdf,Règlement\Documents graphiques\Atlas 3\Secteur maisons et villas\P47.pdf,D47_R2.mxd,! ( ! (,34 P1,text_parsed,1,16,
P48.pdf,Règlement\Documents graphiques\Atlas 3\Secteur maisons et villas\P48.pdf,D48_R2.mxd,! (,47 P,text_parsed,1,1,
P49.pdf,Règlement\Documents graphiques\Atlas 3\Secteur maisons et villas\P49.pdf,D49_R2.mxd,! (,22 A,text_parsed,1,10,
P50.pdf,Règlement\Documents graphiques\Atlas 3\Secteur maisons et villas\P50.pdf,D50_R2.mxd,! (,6 A,text_parsed,1,4,
P51.pdf,Règlement\Documents graphiques\Atlas 3\Secteur maisons et villas\P51.pdf,D51_D52_D53_R2.mxd,! (,13 S,text_parsed,1,6,
P54.pdf,Règlement\Documents graphiques\Atlas 3\Secteur maisons et villas\P54.pdf,D54_R2.mxd,! (,72 P,text_parsed,1,1,
P55.pdf,Règlement\Documents graphiques\Atlas 3\Secteur maisons et villas\P55.pdf,D55_R2.mxd,! (,18 A,text_parsed,1,18,
P56.pdf,Règlement\Documents graphiques\Atlas 3\Secteur maisons et villas\P56.pdf,D56_R2.mxd,! (,2 A,text_parsed,1,1,
P57.pdf,Règlement\Documents graphiques\Atlas 3\Secteur maisons et villas\P57.pdf,D57_R2.mxd,! ( ! ( ! (,35 P,text_parsed,1,6,
P58.pdf,Règlement\Documents graphiques\Atlas 3\Secteur maisons et villas\P58.pdf,D58_R2.mxd,! (,2 P,text_parsed,1,6,
P59.pdf,Règlement\Documents graphiques\Atlas 3\Secteur maisons et villas\P59.pdf,D59_R2.mxd,! (,7 S,text_parsed,1,28,
Consultation_des_planches_d_ilots_du_secteur_de_Montmartre.pdf,Règlement\Documents graphiques\Atlas 3\Secteur Montmartre\Consultation_des_planches_d_ilots_du_secteur_de_Montmartre.pdf,,Consultation des planches d'îlots du secteur de Montmartre :  Montmartre - Planche de l'ilot n°69105  Montmartre - Planche de l'ilot n°69106  Montmartre - Planche de l'ilot n°69107  Montmartre - Planche de l'ilot n°69108  Montmartre - Planche de l'ilot n°69109  Montmartre - Planche de l'ilot n°69110  Montmartre - Planche de l'ilot n°69111  Montmartre - Planche de l'ilot n°69112  Montmartre - Planche de l'ilot n°69113  Montmartre - Planche de l'ilot n°69114  Montmartre - Planche de l'ilot n°69115  Montmartre - Planche de l'ilot n°69116  Montmartre - Planche de l'ilot n°69117  Montmartre - Planche de l'ilot n°69118  Montmartre - Planche de l'ilot n°69119  Montmartre - Planche de l'ilot n°69120  Montmartre - Planche de l'ilot n°69121  Montmartre - Planche de l'ilot n°69122  Montmartre - Planche de l'ilot n°69123  Montmartre - Planche de l'ilot n°69124  Montmartre - Planche de l'ilot n°69125  Montmartre - Planche de l'ilot n°69126  Montmartre - Planche de l'ilot n°69127  Montmartre - Planche de l'ilot n°69128  Montmartre - Planche de l'ilot n°69129  Montmartre - Planche de l'ilot n°69130  Montmartre - Planche de l'ilot n°69131  Montmartre - Planche de l'ilot n°69132  Montmartre - Planche de l'ilot n°69133  Montmartre - Planche de l'ilot n°69134  Montmartre - Planche de l'ilot n°69137  Montmartre - Planche de l'ilot n°69138  Montmartre - Planche de l'ilot n°69139  Montmartre - Planche de l'ilot n°69140  Montmartre - Planche de l'ilot n°69173  Montmartre - Planche de l'ilot n°70001  Montmartre - Planche de l'ilot n°70002  Montmartre - Planche de l'ilot n°70003  Montmartre - Planche de l'ilot n°70004  Montmartre - Planche de l'ilot n°70005  Montmartre - Planche de l'ilot n°70006  Montmartre - Planche de l'ilot n°70007  Montmartre - Planche de l'ilot n°70008  Montmartre - Planche de l'ilot n°70009  Montmartre - Planche de l'ilot n°70010,,none,0,0,
LEGMONT.pdf,Règlement\Documents graphiques\Atlas 3\Secteur Montmartre\LEGMONT.pdf,,,,none,0,0,
M69105.pdf,Règlement\Documents graphiques\Atlas 3\Secteur Montmartre\M69105.pdf,,,,none,0,0,
M69106.pdf,Règlement\Documents graphiques\Atlas 3\Secteur Montmartre\M69106.pdf,,,,none,0,0,
M69107.pdf,Règlement\Documents graphiques\Atlas 3\Secteur Montmartre\M69107.pdf,,,,none,0,0,
M69108.pdf,Règlement\Documents graphiques\Atlas 3\Secteur Montmartre\M69108.pdf,,,,none,0,0,
M69109.pdf,Règlement\Documents graphiques\Atlas 3\Secteur Montmartre\M69109.pdf,,,,none,0,0,
M69110.pdf,Règlement\Documents graphiques\Atlas 3\Secteur Montmartre\M69110.pdf,,,,none,0,0,
M69111.pdf,Règlement\Documents graphiques\Atlas 3\Secteur Montmartre\M69111.pdf,,,,none,0,0,
M69112.pdf,Règlement\Documents graphiques\Atlas 3\Secteur Montmartre\M69112.pdf,,,,none,0,0,
M69113.pdf,Règlement\Documents graphiques\Atlas 3\Secteur Montmartre\M69113.pdf,,,,none,0,0,
M69114.pdf,Règlement\Documents graphiques\Atlas 3\Secteur Montmartre\M69114.pdf,,,,none,0,0,
M69115.pdf,Règlement\Documents graphiques\Atlas 3\Secteur Montmartre\M69115.pdf,,,,none,0,0,
M69116.pdf,Règlement\Documents graphiques\Atlas 3\Secteur Montmartre\M69116.pdf,,,,none,0,0,
M69117.pdf,Règlement\Documents graphiques\Atlas 3\Secteur Montmartre\M69117.pdf,,,,none,0,0,
M69118.pdf,Règlement\Documents graphiques\Atlas 3\Secteur Montmartre\M69118.pdf,,,,none,0,0,
M69119.pdf,Règlement\Documents graphiques\Atlas 3\Secteur Montmartre\M69119.pdf,,,,none,0,0,
M69120.pdf,Règlement\Documents graphiques\Atlas 3\Secteur Montmartre\M69120.pdf,,,,none,0,0,
M69121.pdf,Règlement\Documents graphiques\Atlas 3\Secteur Montmartre\M69121.pdf,,,,none,0,0,
M69122.pdf,Règlement\Documents graphiques\Atlas 3\Secteur Montmartre\M69122.pdf,,,,none,0,0,
M69123.pdf,Règlement\Documents graphiques\Atlas 3\Secteur Montmartre\M69123.pdf,,,,none,0,0,
M69124.pdf,Règlement\Documents graphiques\Atlas 3\Secteur Montmartre\M69124.pdf,,,,none,0,0,
M69125.pdf,Règlement\Documents graphiques\Atlas 3\Secteur Montmartre\M69125.pdf,,,,none,0,0,
M69126.pdf,Règlement\Documents graphiques\Atlas 3\Secteur Montmartre\M69126.pdf,,,,none,0,0,
M69127.pdf,Règlement\Documents graphiques\Atlas 3\Secteur Montmartre\M69127.pdf,,,,none,0,0,
M69128.pdf,Règlement\Documents graphiques\Atlas 3\Secteur Montmartre\M69128.pdf,,,,none,0,0,
M69129.pdf,Règlement\Documents graphiques\Atlas 3\Secteur Montmartre\M69129.pdf,,,,none,0,0,
M69130.pdf,Règlement\Documents graphiques\Atlas 3\Secteur Montmartre\M69130.pdf,,,,none,0,0,
M69131.pdf,Règlement\Documents graphiques\Atlas 3\Secteur Montmartre\M69131.pdf,,,,none,0,0,
M69132.pdf,Règlement\Documents graphiques\Atlas 3\Secteur Montmartre\M69132.pdf,,,,none,0,0,
M69133.pdf,Règlement\Documents graphiques\Atlas 3\Secteur Montmartre\M69133.pdf,,,,none,0,0,
M69134.pdf,Règlement\Documents graphiques\Atlas 3\Secteur Montmartre\M69134.pdf,,,,none,0,0,
M69137.pdf,Règlement\Documents graphiques\Atlas 3\Secteur Montmartre\M69137.pdf,,,,none,0,0,
M69138.pdf,Règlement\Documents graphiques\Atlas 3\Secteur Montmartre\M69138.pdf,,,,none,0,0,
M69139.pdf,Règlement\Documents graphiques\Atlas 3\Secteur Montmartre\M69139.pdf,,,,none,0,0,
M69140.pdf,Règlement\Documents graphiques\Atlas 3\Secteur Montmartre\M69140.pdf,,,,none,0,0,
M69173.pdf,Règlement\Documents graphiques\Atlas 3\Secteur Montmartre\M69173.pdf,,,,none,0,0,
M70001.pdf,Règlement\Documents graphiques\Atlas 3\Secteur Montmartre\M70001.pdf,,,,none,0,0,
M70002.pdf,Règlement\Documents graphiques\Atlas 3\Secteur Montmartre\M70002.pdf,,,,none,0,0,
M70003.pdf,Règlement\Documents graphiques\Atlas 3\Secteur Montmartre\M70003.pdf,,,,none,0,0,
M70004.pdf,Règlement\Documents graphiques\Atlas 3\Secteur Montmartre\M70004.pdf,,,,none,0,0,
M70005.pdf,Règlement\Documents graphiques\Atlas 3\Secteur Montmartre\M70005.pdf,,,,none,0,0,
M70006.pdf,Règlement\Documents graphiques\Atlas 3\Secteur Montmartre\M70006.pdf,,,,none,0,0,
M70007.pdf,Règlement\Documents graphiques\Atlas 3\Secteur Montmartre\M70007.pdf,,,,none,0,0,
M70008.pdf,Règlement\Documents graphiques\Atlas 3\Secteur Montmartre\M70008.pdf,,,,none,0,0,
M70009.pdf,Règlement\Documents graphiques\Atlas 3\Secteur Montmartre\M70009.pdf,,,,none,0,0,
M70010.pdf,Règlement\Documents graphiques\Atlas 3\Secteur Montmartre\M70010.pdf,,,,none,0,0,
M70011.pdf,Règlement\Documents graphiques\Atlas 3\Secteur Montmartre\M70011.pdf,,,,none,0,0,
M70012.pdf,Règlement\Documents graphiques\Atlas 3\Secteur Montmartre\M70012.pdf,,,,none,0,0,
M70013.pdf,Règlement\Documents graphiques\Atlas 3\Secteur Montmartre\M70013.pdf,,,,none,0,0,
M70014.pdf,Règlement\Documents graphiques\Atlas 3\Secteur Montmartre\M70014.pdf,,,,none,0,0,
M70015.pdf,Règlement\Documents graphiques\Atlas 3\Secteur Montmartre\M70015.pdf,,,,none,0,0,
M70016.pdf,Règlement\Documents graphiques\Atlas 3\Secteur Montmartre\M70016.pdf,,,,none,0,0,
M70017.pdf,Règlement\Documents graphiques\Atlas 3\Secteur Montmartre\M70017.pdf,,,,none,0,0,
M70018.pdf,Règlement\Documents graphiques\Atlas 3\Secteur Montmartre\M70018.pdf,,,,none,0,0,
M70019.pdf,Règlement\Documents graphiques\Atlas 3\Secteur Montmartre\M70019.pdf,,,,none,0,0,
M70020.pdf,Règlement\Documents graphiques\Atlas 3\Secteur Montmartre\M70020.pdf,,,,none,0,0,
M70021.pdf,Règlement\Documents graphiques\Atlas 3\Secteur Montmartre\M70021.pdf,,,,none,0,0,
M70022.pdf,Règlement\Documents graphiques\Atlas 3\Secteur Montmartre\M70022.pdf,,,,none,0,0,
M70023.pdf,Règlement\Documents graphiques\Atlas 3\Secteur Montmartre\M70023.pdf,,,,none,0,0,
M70024.pdf,Règlement\Documents graphiques\Atlas 3\Secteur Montmartre\M70024.pdf,,,,none,0,0,
M70025.pdf,Règlement\Documents graphiques\Atlas 3\Secteur Montmartre\M70025.pdf,,,,none,0,0,
M70026.pdf,Règlement\Documents graphiques\Atlas 3\Secteur Montmartre\M70026.pdf,,,,none,0,0,
M70027.pdf,Règlement\Documents graphiques\Atlas 3\Secteur Montmartre\M70027.pdf,,,,none,0,0,
M70029.pdf,Règlement\Documents graphiques\Atlas 3\Secteur Montmartre\M70029.pdf,,,,none,0,0,
M70033.pdf,Règlement\Documents graphiques\Atlas 3\Secteur Montmartre\M70033.pdf,,,,none,0,0,
M70034.pdf,Règlement\Documents graphiques\Atlas 3\Secteur Montmartre\M70034.pdf,,,,none,0,0,
M70035.pdf,Règlement\Documents graphiques\Atlas 3\Secteur Montmartre\M70035.pdf,,,,none,0,0,
M70036.pdf,Règlement\Documents graphiques\Atlas 3\Secteur Montmartre\M70036.pdf,,,,none,0,0,
M70037.pdf,Règlement\Documents graphiques\Atlas 3\Secteur Montmartre\M70037.pdf,,,,none,0,0,
M70038.pdf,Règlement\Documents graphiques\Atlas 3\Secteur Montmartre\M70038.pdf,,,,none,0,0,
M70039.pdf,Règlement\Documents graphiques\Atlas 3\Secteur Montmartre\M70039.pdf,,,,none,0,0,
M70040.pdf,Règlement\Documents graphiques\Atlas 3\Secteur Montmartre\M70040.pdf,,,,none,0,0,
M70041.pdf,Règlement\Documents graphiques\Atlas 3\Secteur Montmartre\M70041.pdf,,,,none,0,0,
M70042.pdf,Règlement\Documents graphiques\Atlas 3\Secteur Montmartre\M70042.pdf,,,,none,0,0,
M70043.pdf,Règlement\Documents graphiques\Atlas 3\Secteur Montmartre\M70043.pdf,,,,none,0,0,
M70044.pdf,Règlement\Documents graphiques\Atlas 3\Secteur Montmartre\M70044.pdf,,,,none,0,0,
M70045.pdf,Règlement\Documents graphiques\Atlas 3\Secteur Montmartre\M70045.pdf,,,,none,0,0,
M70046.pdf,Règlement\Documents graphiques\Atlas 3\Secteur Montmartre\M70046.pdf,,,,none,0,0,
M70047.pdf,Règlement\Documents graphiques\Atlas 3\Secteur Montmartre\M70047.pdf,,,,none,0,0,
M70048.pdf,Règlement\Documents graphiques\Atlas 3\Secteur Montmartre\M70048.pdf,,,,none,0,0,
M70049.pdf,Règlement\Documents graphiques\Atlas 3\Secteur Montmartre\M70049.pdf,,,,none,0,0,
M70050.pdf,Règlement\Documents graphiques\Atlas 3\Secteur Montmartre\M70050.pdf,,,,none,0,0,
M70051.pdf,Règlement\Documents graphiques\Atlas 3\Secteur Montmartre\M70051.pdf,,,,none,0,0,
M70052.pdf,Règlement\Documents graphiques\Atlas 3\Secteur Montmartre\M70052.pdf,,,,none,0,0,
M70053.pdf,Règlement\Documents graphiques\Atlas 3\Secteur Montmartre\M70053.pdf,,,,none,0,0,
M70054.pdf,Règlement\Documents graphiques\Atlas 3\Secteur Montmartre\M70054.pdf,,,,none,0,0,
M70055.pdf,Règlement\Documents graphiques\Atlas 3\Secteur Montmartre\M70055.pdf,,,,none,0,0,
M70056.pdf,Règlement\Documents graphiques\Atlas 3\Secteur Montmartre\M70056.pdf,,,,none,0,0,
M70057.pdf,Règlement\Documents graphiques\Atlas 3\Secteur Montmartre\M70057.pdf,,,,none,0,0,
M70058.pdf,Règlement\Documents graphiques\Atlas 3\Secteur Montmartre\M70058.pdf,,,,none,0,0,
M70059.pdf,Règlement\Documents graphiques\Atlas 3\Secteur Montmartre\M70059.pdf,,,,none,0,0,
M70060.pdf,Règlement\Documents graphiques\Atlas 3\Secteur Montmartre\M70060.pdf,,,,none,0,0,
M70061.pdf,Règlement\Documents graphiques\Atlas 3\Secteur Montmartre\M70061.pdf,,,,none,0,0,
M70062.pdf,Règlement\Documents graphiques\Atlas 3\Secteur Montmartre\M70062.pdf,,,,none,0,0,
M70177.pdf,Règlement\Documents graphiques\Atlas 3\Secteur Montmartre\M70177.pdf,,,,none,0,0,
REG1.pdf,Règlement\Pièces écrites\Tome 1\REG1.pdf,Microsoft Word - REG1_MS1,,2 / 250,text_parsed,1,4,
REG1_MS1.pdf,Règlement\Pièces écrites\Tome 1\REG1_MS1.pdf,Microsoft Word - REG1_MS1,,2 / 250,text_parsed,1,4,
REG2A1.pdf,Règlement\Pièces écrites\Tome 2\REG2A1.pdf,Microsoft Word - REG2A1_MS1,,12 e,text_parsed,1,4,
REG2A10_1DE2.pdf,Règlement\Pièces écrites\Tome 2\REG2A10_1DE2.pdf,Microsoft Word - REG2A10_1DE2_MS1,,3 rue d'Alger,text_parsed,1,15,
REG2A10_1DE2_MS1.pdf,Règlement\Pièces écrites\Tome 2\REG2A10_1DE2_MS1.pdf,Microsoft Word - REG2A10_1DE2_MS1,,3 rue d'Alger,text_parsed,1,15,
REG2A10_2DE2_MS1.pdf,Règlement\Pièces écrites\Tome 2\REG2A10_2DE2_MS1.pdf,Microsoft Word - REG2A10_2DE2_MS1,RÈGLEMENT,6 à 8 rue Basfroi,text_parsed,1,6,
REG2A1_MS1.pdf,Règlement\Pièces écrites\Tome 2\REG2A1_MS1.pdf,Microsoft Word - REG2A1_MS1,,12 e,text_parsed,1,4,
