chemin_relatif,pdf,titre_extrait,type_title_extract
Annexes/Addenda/ANNAD1_2025_12_19.pdf,ANNAD1_2025_12_19.pdf,Liste des immeubles et lots de biens immobiliers,visual
Annexes/Addenda/ANNAD2.pdf,ANNAD2.pdf,Informations complémentaires,visual
Annexes/Addenda/ANNAD3.pdf,ANNAD3.pdf,Informations complémentaires,visual
Annexes/Addenda/ANNAD4.pdf,ANNAD4.pdf,Informations complémentaires,visual
Annexes/Plans autres périmètres/A15152_01A04_2025_12_19.pdf,A15152_01A04_2025_12_19.pdf,,none
Annexes/Plans autres périmètres/A15152_05_06_2025_12_19.pdf,A15152_05_06_2025_12_19.pdf,,none
Annexes/Plans autres périmètres/A15152_07_08_2025_12_19.pdf,A15152_07_08_2025_12_19.pdf,XVII,visual
Annexes/Plans autres périmètres/A15152_09_10_2025_12_19.pdf,A15152_09_10_2025_12_19.pdf,XVIII,visual
Annexes/Plans autres périmètres/A15152_11_2025_12_19.pdf,A15152_11_2025_12_19.pdf,,none
Annexes/Plans autres périmètres/A15152_12_2025_12_19.pdf,A15152_12_2025_12_19.pdf,IV,visual
Annexes/Plans autres périmètres/A15152_13_2025_12_19.pdf,A15152_13_2025_12_19.pdf,,none
Annexes/Plans autres périmètres/A15152_14_2025_12_19.pdf,A15152_14_2025_12_19.pdf,VII,visual
Annexes/Plans autres périmètres/A15152_15_2025_12_19.pdf,A15152_15_2025_12_19.pdf,VII,visual
Annexes/Plans autres périmètres/A15152_16_2025_12_19.pdf,A15152_16_2025_12_19.pdf,XVII,visual
Annexes/Plans autres périmètres/A15152_17_2025_12_19.pdf,A15152_17_2025_12_19.pdf,XVIII,visual
Annexes/Plans autres périmètres/A15152_18_2025_12_19.pdf,A15152_18_2025_12_19.pdf,XVII,visual
Annexes/Plans autres périmètres/A15152_19_2025_12_19.pdf,A15152_19_2025_12_19.pdf,XVIII,visual
Annexes/Plans autres périmètres/A15152_20_2025_12_19.pdf,A15152_20_2025_12_19.pdf,XIX,visual
Annexes/Plans SUP/ASUP1_2025_12_19.pdf,ASUP1_2025_12_19.pdf,18,visual
Annexes/Plans SUP/ASUP2AD5.pdf,ASUP2AD5.pdf,VOIR PLANS DES SERVITUDES,visual
Annexes/Plans SUP/ASUP2D3.pdf,ASUP2D3.pdf,18,visual
Annexes/Plans SUP/ASUP2E.pdf,ASUP2E.pdf,18,visual
Annexes/Plans SUP/ASUP4_2025_12_19.pdf,ASUP4_2025_12_19.pdf,18,visual
Annexes/Plans SUP/ASUPBOIS.pdf,ASUPBOIS.pdf,305,visual
Annexes/Plans SUP/PPRI/ALEA1910.pdf,ALEA1910.pdf,,none
Annexes/Plans SUP/PPRI/BOREUX.pdf,BOREUX.pdf,,none
Annexes/Plans SUP/PPRI/ENJEUX.pdf,ENJEUX.pdf,,none
Annexes/Plans SUP/PPRI/PPRI12.pdf,PPRI12.pdf,,none
Annexes/Plans SUP/PPRI/PPRI1234_11.pdf,PPRI1234_11.pdf,,none
Annexes/Plans SUP/PPRI/PPRI13.pdf,PPRI13.pdf,,none
Annexes/Plans SUP/PPRI/PPRI15.pdf,PPRI15.pdf,,none
Annexes/Plans SUP/PPRI/PPRI16.pdf,PPRI16.pdf,,none
Annexes/Plans SUP/PPRI/PPRI5_6_7.pdf,PPRI5_6_7.pdf,,none
Annexes/Plans SUP/PPRI/PPRI8_9_10.pdf,PPRI8_9_10.pdf,,none
Annexes/Plans SUP/PPRI/PPRI_LEGEND.pdf,PPRI_LEGEND.pdf,,none
Annexes/Plans SUP/PPRI/PPRIBOU.pdf,PPRIBOU.pdf,,none
Annexes/Textes et documents illustrés/ANN10.pdf,ANN10.pdf,Périmètre de la zone de développement  prioritaire,visual
Annexes/Textes et documents illustrés/ANN11_2025_12_19.pdf,ANN11_2025_12_19.pdf,Obligation de déclaration préalable,visual
Annexes/Textes et documents illustrés/ANN1_2025_12_19.pdf,ANN1_2025_12_19.pdf,TITRE PREMIER,visual
Annexes/Textes et documents illustrés/ANN2A_2025_12_19.pdf,ANN2A_2025_12_19.pdf,et zonage pluvial de la Ville de Paris,visual
Annexes/Textes et documents illustrés/ANN2B_2025_12_19.pdf,ANN2B_2025_12_19.pdf,Schémas des réseaux d’eau et,visual
Annexes/Textes et documents illustrés/ANN3.pdf,ANN3.pdf,Plan d’exposition au bruit de l’aérodrome,visual
Annexes/Textes et documents illustrés/ANN4_2025_12_19.pdf,ANN4_2025_12_19.pdf,"Recensement, classement acoustique",visual
Annexes/Textes et documents illustrés/ANN5_2025_12_19.pdf,ANN5_2025_12_19.pdf,Règlement local de publicité et ses annexes,visual
Annexes/Textes et documents illustrés/ANN6.pdf,ANN6.pdf,Zone à risque,visual
Annexes/Textes et documents illustrés/ANN7.pdf,ANN7.pdf,Secteurs relatifs aux taux,visual
Annexes/Textes et documents illustrés/ANN8_2025_12_19.pdf,ANN8_2025_12_19.pdf,Périmètres des biens inscrits au patrimoine mondial,visual
Annexes/Textes et documents illustrés/ANN9.pdf,ANN9.pdf,Secteurs d’information sur les sols,visual
OAP/Sectorielles/OAP_BARTHOLOME_BRANCION.pdf,OAP_BARTHOLOME_BRANCION.pdf,ORIENTATIONS D’AMÉNAGEMENT ET DE,visual
OAP/Sectorielles/OAP_BEAUGRENELLE.pdf,OAP_BEAUGRENELLE.pdf,ORIENTATIONS D’AMÉNAGEMENT ET DE,visual
OAP/Sectorielles/OAP_BEDIER_OUDINE.pdf,OAP_BEDIER_OUDINE.pdf,ORIENTATIONS D’AMÉNAGEMENT ET DE,visual
OAP/Sectorielles/OAP_BERCY_CHARENTON.pdf,OAP_BERCY_CHARENTON.pdf,ORIENTATIONS D’AMÉNAGEMENT ET DE,visual
OAP/Sectorielles/OAP_GARE_DE_LYON_DAUMESNIL.pdf,OAP_GARE_DE_LYON_DAUMESNIL.pdf,ORIENTATIONS D’AMÉNAGEMENT ET DE,visual
OAP/Sectorielles/OAP_MAINE_MONTPARNASSE.pdf,OAP_MAINE_MONTPARNASSE.pdf,ORIENTATIONS D’AMÉNAGEMENT ET DE,visual
OAP/Sectorielles/OAP_OLYMPIADES.pdf,OAP_OLYMPIADES.pdf,ORIENTATIONS D’AMÉNAGEMENT ET DE,visual
OAP/Sectorielles/OAP_PARIS_NORD_EST.pdf,OAP_PARIS_NORD_EST.pdf,ORIENTATIONS D’AMÉNAGEMENT ET DE,visual
OAP/Sectorielles/OAP_PARIS_RIVE_GAUCHE.pdf,OAP_PARIS_RIVE_GAUCHE.pdf,ORIENTATIONS D’AMÉNAGEMENT ET DE,visual
OAP/Sectorielles/OAP_PAUL_BOURGET.pdf,OAP_PAUL_BOURGET.pdf,ORIENTATIONS D’AMÉNAGEMENT ET DE,visual
OAP/Sectorielles/OAP_PORTES_EST.pdf,OAP_PORTES_EST.pdf,ORIENTATIONS D’AMÉNAGEMENT ET DE,visual
OAP/Sectorielles/OAP_SAINT_VINCENT_DE_PAUL.pdf,OAP_SAINT_VINCENT_DE_PAUL.pdf,ORIENTATIONS D’AMÉNAGEMENT ET DE,visual
OAP/Sectorielles/OAP_SUZANNE_LENGLEN.pdf,OAP_SUZANNE_LENGLEN.pdf,ORIENTATIONS D’AMÉNAGEMENT ET DE,visual
OAP/Thématiques/OAP_BIODIVERSITE.pdf,OAP_BIODIVERSITE.pdf,ORIENTATION D’AMÉNAGEMENT,visual
OAP/Thématiques/OAP_CONSTRUCTION.pdf,OAP_CONSTRUCTION.pdf,ORIENTATION D’AMÉNAGEMENT,visual
OAP/Thématiques/OAP_ESPACE_PUBLIC.pdf,OAP_ESPACE_PUBLIC.pdf,ORIENTATION D’AMÉNAGEMENT,visual
OAP/Thématiques/OAP_HERITAGE.pdf,OAP_HERITAGE.pdf,ORIENTATION D’AMÉNAGEMENT,visual
OAP/Thématiques/OAP_METROPOLE.pdf,OAP_METROPOLE.pdf,ORIENTATION D’AMÉNAGEMENT,visual
OAP/Thématiques/OAP_QUART_HEURE.pdf,OAP_QUART_HEURE.pdf,ORIENTATION D’AMÉNAGEMENT,visual
OAP/Thématiques/OAP_SANTE.pdf,OAP_SANTE.pdf,ORIENTATION D’AMÉNAGEMENT,visual
PADD/PADD.pdf,PADD.pdf,PROJET D’AMÉNAGEMENT ET DE,visual
Rapport de présentation/Rapport_presentation_MS1.pdf,Rapport_presentation_MS1.pdf,Modification simplifiée n° 1,visual
Rapport de présentation/RP_20251017_MC1_HOTEL_DIEU.pdf,RP_20251017_MC1_HOTEL_DIEU.pdf,,none
Rapport de présentation/RP_CHOIX.pdf,RP_CHOIX.pdf,RAPPORT DE PRÉSENTATION,visual
Rapport de présentation/RP_DE.pdf,RP_DE.pdf,RAPPORT DE PRÉSENTATION,visual
Rapport de présentation/RP_DIAGNOSTIC.pdf,RP_DIAGNOSTIC.pdf,RAPPORT DE PRÉSENTATION,visual
Rapport de présentation/RP_EIE.pdf,RP_EIE.pdf,RAPPORT DE PRÉSENTATION,visual
Rapport de présentation/RP_EVAL.pdf,RP_EVAL.pdf,RAPPORT DE PRÉSENTATION,visual
Rapport de présentation/RP_INDIC.pdf,RP_INDIC.pdf,RAPPORT DE PRÉSENTATION,visual
Rapport de présentation/RP_PREAMBULE.pdf,RP_PREAMBULE.pdf,RAPPORT DE PRÉSENTATION,visual
Rapport de présentation/RP_RNT.pdf,RP_RNT.pdf,RAPPORT DE PRÉSENTATION,visual
Règlement/Documents graphiques/Atlas 1/Alignements arbres/DG_H_ARBRALIG_NE.pdf,DG_H_ARBRALIG_NE.pdf,NORD-EST,visual
Règlement/Documents graphiques/Atlas 1/Alignements arbres/DG_H_ARBRALIG_NO.pdf,DG_H_ARBRALIG_NO.pdf,NORD-OUEST,visual
Règlement/Documents graphiques/Atlas 1/Alignements arbres/DG_H_ARBRALIG_SE.pdf,DG_H_ARBRALIG_SE.pdf,SUD-EST,visual
Règlement/Documents graphiques/Atlas 1/Alignements arbres/DG_H_ARBRALIG_SO.pdf,DG_H_ARBRALIG_SO.pdf,H - ALIGNEMENTS D'ARBRES ET COMPOSITIONS ARBORÉES,visual
Règlement/Documents graphiques/Atlas 1/Bois Boulogne/BBC.pdf,BBC.pdf,Puteaux,visual
Règlement/Documents graphiques/Atlas 1/Bois Boulogne/BBN.pdf,BBN.pdf,Neuilly-sur-Seine,visual
Règlement/Documents graphiques/Atlas 1/Bois Boulogne/BBRG.pdf,BBRG.pdf,Boulogne-Billancourt,visual
Règlement/Documents graphiques/Atlas 1/Bois Boulogne/BBS.pdf,BBS.pdf,Suresnes,visual
Règlement/Documents graphiques/Atlas 1/Bois Boulogne/LEG2000.pdf,LEG2000.pdf,"Légende des plans au 1/1000, 1/2000 et 1/5000",visual
Règlement/Documents graphiques/Atlas 1/Bois Vincennes/BVNE.pdf,BVNE.pdf,Vincennes,visual
Règlement/Documents graphiques/Atlas 1/Bois Vincennes/BVO.pdf,BVO.pdf,Vincennes,visual
Règlement/Documents graphiques/Atlas 1/Bois Vincennes/BVSE.pdf,BVSE.pdf,Joinville-le-Pont,visual
Règlement/Documents graphiques/Atlas 1/Bois Vincennes/LEG2000.pdf,LEG2000.pdf,"Légende des plans au 1/1000, 1/2000 et 1/5000",visual
Règlement/Documents graphiques/Atlas 1/DG_A_ZONAGE.pdf,DG_A_ZONAGE.pdf,18,visual
Règlement/Documents graphiques/Atlas 1/DG_E_HAUTEUR.pdf,DG_E_HAUTEUR.pdf,18,visual
Règlement/Documents graphiques/Atlas 1/DG_L_BOIS_VINCENNES.pdf,DG_L_BOIS_VINCENNES.pdf,L - BOIS DE VINCENNES,visual
Règlement/Documents graphiques/Atlas 1/DG_M_BOIS_BOULOGNE.pdf,DG_M_BOIS_BOULOGNE.pdf,16,visual
Règlement/Documents graphiques/Atlas 1/Equilibre destinations/DG_B_DEST_NE.pdf,DG_B_DEST_NE.pdf,NORD-EST,visual
Règlement/Documents graphiques/Atlas 1/Equilibre destinations/DG_B_DEST_NO.pdf,DG_B_DEST_NO.pdf,B - ÉQUILIBRE ENTRE DESTINATIONS,visual
Règlement/Documents graphiques/Atlas 1/Equilibre destinations/DG_B_DEST_SE.pdf,DG_B_DEST_SE.pdf,B - ÉQUILIBRE ENTRE DESTINATIONS,visual
Règlement/Documents graphiques/Atlas 1/Equilibre destinations/DG_B_DEST_SO.pdf,DG_B_DEST_SO.pdf,SUD-OUEST,visual
Règlement/Documents graphiques/Atlas 1/Fuseaux protection/DG_F_FUSEAU_NE.pdf,DG_F_FUSEAU_NE.pdf,Fuseaux-NordEst NGF,metadata
Règlement/Documents graphiques/Atlas 1/Fuseaux protection/DG_F_FUSEAU_NO.pdf,DG_F_FUSEAU_NO.pdf,F - FUSEAUX DE PROTECTION,visual
Règlement/Documents graphiques/Atlas 1/Fuseaux protection/DG_F_FUSEAU_SE.pdf,DG_F_FUSEAU_SE.pdf,FUSEAUX DE PROTECTION DU SITE DE PARIS,visual
Règlement/Documents graphiques/Atlas 1/Fuseaux protection/DG_F_FUSEAU_SO.pdf,DG_F_FUSEAU_SO.pdf,F - FUSEAUX DE PROTECTION,visual
Règlement/Documents graphiques/Atlas 1/Limitation parc stationnement/DG_I_PARCSTAT_NE.pdf,DG_I_PARCSTAT_NE.pdf,I - LIMITATION DES PARCS DE STATIONNEMENT,visual
Règlement/Documents graphiques/Atlas 1/Limitation parc stationnement/DG_I_PARCSTAT_NO.pdf,DG_I_PARCSTAT_NO.pdf,I - LIMITATION DES PARCS DE STATIONNEMENT,visual
Règlement/Documents graphiques/Atlas 1/Limitation parc stationnement/DG_I_PARCSTAT_SE.pdf,DG_I_PARCSTAT_SE.pdf,I - LIMITATION DES PARCS DE STATIONNEMENT,visual
Règlement/Documents graphiques/Atlas 1/Limitation parc stationnement/DG_I_PARCSTAT_SO.pdf,DG_I_PARCSTAT_SO.pdf,I - LIMITATION DES PARCS DE STATIONNEMENT,visual
Règlement/Documents graphiques/Atlas 1/Mixité sociale/DG_D_LOGSOC_NE.pdf,DG_D_LOGSOC_NE.pdf,NORD-EST,visual
Règlement/Documents graphiques/Atlas 1/Mixité sociale/DG_D_LOGSOC_NO.pdf,DG_D_LOGSOC_NO.pdf,D - MIXITÉ SOCIALE,visual
Règlement/Documents graphiques/Atlas 1/Mixité sociale/DG_D_LOGSOC_SE.pdf,DG_D_LOGSOC_SE.pdf,D - MIXITÉ SOCIALE,visual
Règlement/Documents graphiques/Atlas 1/Mixité sociale/DG_D_LOGSOC_SO.pdf,DG_D_LOGSOC_SO.pdf,D - MIXITÉ SOCIALE,visual
Règlement/Documents graphiques/Atlas 1/Protections commerces/DG_C_PROTCOM_NE.pdf,DG_C_PROTCOM_NE.pdf,C - PROTECTION DU COMMERCE,visual
Règlement/Documents graphiques/Atlas 1/Protections commerces/DG_C_PROTCOM_NO.pdf,DG_C_PROTCOM_NO.pdf,C - PROTECTION DU COMMERCE,visual
Règlement/Documents graphiques/Atlas 1/Protections commerces/DG_C_PROTCOM_SE.pdf,DG_C_PROTCOM_SE.pdf,C - PROTECTION DU COMMERCE,visual
Règlement/Documents graphiques/Atlas 1/Protections commerces/DG_C_PROTCOM_SO.pdf,DG_C_PROTCOM_SO.pdf,C - PROTECTION DU COMMERCE,visual
Règlement/Documents graphiques/Atlas 1/Renforcement végétal/DG_G_RENFVEG_NE.pdf,DG_G_RENFVEG_NE.pdf,G - SECTORISATION VÉGÉTALE,visual
Règlement/Documents graphiques/Atlas 1/Renforcement végétal/DG_G_RENFVEG_NO.pdf,DG_G_RENFVEG_NO.pdf,NORD-OUEST,visual
Règlement/Documents graphiques/Atlas 1/Renforcement végétal/DG_G_RENFVEG_SE.pdf,DG_G_RENFVEG_SE.pdf,G - SECTORISATION VÉGÉTALE,visual
Règlement/Documents graphiques/Atlas 1/Renforcement végétal/DG_G_RENFVEG_SO.pdf,DG_G_RENFVEG_SO.pdf,G - SECTORISATION VÉGÉTALE,visual
Règlement/Documents graphiques/Atlas 1/Secteurs risques/DG_J_RISQUE.pdf,DG_J_RISQUE.pdf,18,visual
Règlement/Documents graphiques/Atlas 1/Secteurs risques/DG_K_SOURCENORD.pdf,DG_K_SOURCENORD.pdf,K - SOURCES DU NORD,visual
Règlement/Documents graphiques/Atlas 2/A_08.pdf,A_08.pdf,Feuille A-08,visual
Règlement/Documents graphiques/Atlas 2/A_09.pdf,A_09.pdf,Boulogne-Billancourt,visual
Règlement/Documents graphiques/Atlas 2/A_10.pdf,A_10.pdf,Boulogne-Billancourt,visual
Règlement/Documents graphiques/Atlas 2/B_05.pdf,B_05.pdf,Feuille B-05,visual
Règlement/Documents graphiques/Atlas 2/B_06.pdf,B_06.pdf,Feuille B-06,visual
Règlement/Documents graphiques/Atlas 2/B_07.pdf,B_07.pdf,Feuille B-07,visual
Règlement/Documents graphiques/Atlas 2/B_08.pdf,B_08.pdf,Feuille B-08,visual
Règlement/Documents graphiques/Atlas 2/B_09.pdf,B_09.pdf,Feuille B-09,visual
Règlement/Documents graphiques/Atlas 2/B_10.pdf,B_10.pdf,Issy-les-Moulineaux,visual
Règlement/Documents graphiques/Atlas 2/B_11.pdf,B_11.pdf,Issy-les-Moulineaux,visual
Règlement/Documents graphiques/Atlas 2/C_03.pdf,C_03.pdf,Levallois-Perret,visual
Règlement/Documents graphiques/Atlas 2/C_04.pdf,C_04.pdf,Neuilly-sur-Seine,visual
Règlement/Documents graphiques/Atlas 2/C_05.pdf,C_05.pdf,Feuille C-05,visual
Règlement/Documents graphiques/Atlas 2/C_06_A_251216.pdf,C_06_A_251216.pdf,Feuille C-06,visual
Règlement/Documents graphiques/Atlas 2/C_07.pdf,C_07.pdf,Feuille C-07,visual
Règlement/Documents graphiques/Atlas 2/C_08_A_251216.pdf,C_08_A_251216.pdf,amé nagement et de programmation,visual
Règlement/Documents graphiques/Atlas 2/C_09_A_251216.pdf,C_09_A_251216.pdf,amé nagement et de programmation,visual
Règlement/Documents graphiques/Atlas 2/C_10.pdf,C_10.pdf,Feuille C-10,visual
Règlement/Documents graphiques/Atlas 2/C_11.pdf,C_11.pdf,Issy-les-Moulineaux,visual
Règlement/Documents graphiques/Atlas 2/Consultation_des_planches_au_1_sur_2000.pdf,Consultation_des_planches_au_1_sur_2000.pdf,Consultation des planches au 1/2000 :,visual
Règlement/Documents graphiques/Atlas 2/D_02.pdf,D_02.pdf,Clichy,visual
Règlement/Documents graphiques/Atlas 2/D_03_A_251216.pdf,D_03_A_251216.pdf,Levallois-Perret,visual
Règlement/Documents graphiques/Atlas 2/D_04.pdf,D_04.pdf,Feuille D-04,visual
Règlement/Documents graphiques/Atlas 2/D_05_A_251216.pdf,D_05_A_251216.pdf,Feuille D-05,visual
Règlement/Documents graphiques/Atlas 2/D_06_A_251216.pdf,D_06_A_251216.pdf,Feuille D-06,visual
Règlement/Documents graphiques/Atlas 2/D_07.pdf,D_07.pdf,Feuille D-07,visual
Règlement/Documents graphiques/Atlas 2/D_08_A_251216.pdf,D_08_A_251216.pdf,Feuille D-08,visual
Règlement/Documents graphiques/Atlas 2/D_09_A_251216.pdf,D_09_A_251216.pdf,Feuille D-09,visual
Règlement/Documents graphiques/Atlas 2/D_10_A_251216.pdf,D_10_A_251216.pdf,Feuille D-10,visual
Règlement/Documents graphiques/Atlas 2/D_11_A_251216.pdf,D_11_A_251216.pdf,Vanves,visual
Règlement/Documents graphiques/Atlas 2/D_12.pdf,D_12.pdf,Vanves,visual
Règlement/Documents graphiques/Atlas 2/E_01.pdf,E_01.pdf,Clichy,visual
Règlement/Documents graphiques/Atlas 2/E_02.pdf,E_02.pdf,Clichy,visual
Règlement/Documents graphiques/Atlas 2/E_03_A_251216.pdf,E_03_A_251216.pdf,Feuille E-03,visual
Règlement/Documents graphiques/Atlas 2/E_04.pdf,E_04.pdf,Feuille E-04,visual
Règlement/Documents graphiques/Atlas 2/E_05_A_251216.pdf,E_05_A_251216.pdf,Feuille E-05,visual
Règlement/Documents graphiques/Atlas 2/E_06_A_251216.pdf,E_06_A_251216.pdf,Feuille E-06,visual
Règlement/Documents graphiques/Atlas 2/E_07.pdf,E_07.pdf,Feuille E-07,visual
Règlement/Documents graphiques/Atlas 2/E_08.pdf,E_08.pdf,Feuille E-08,visual
Règlement/Documents graphiques/Atlas 2/E_09.pdf,E_09.pdf,Feuille E-09,visual
Règlement/Documents graphiques/Atlas 2/E_10_A_251216.pdf,E_10_A_251216.pdf,amé nag ement,visual
Règlement/Documents graphiques/Atlas 2/E_11_A_251216.pdf,E_11_A_251216.pdf,aménag ement,visual
Règlement/Documents graphiques/Atlas 2/E_12.pdf,E_12.pdf,Malakoff,visual
Règlement/Documents graphiques/Atlas 2/F_01.pdf,F_01.pdf,Saint-Ouen,visual
Règlement/Documents graphiques/Atlas 2/F_02.pdf,F_02.pdf,Feuille F-02,visual
Règlement/Documents graphiques/Atlas 2/F_03_A_251216.pdf,F_03_A_251216.pdf,Feuille F-03,visual
Règlement/Documents graphiques/Atlas 2/F_04_A_251216.pdf,F_04_A_251216.pdf,Feuille F-04,visual
Règlement/Documents graphiques/Atlas 2/F_05_A_251216.pdf,F_05_A_251216.pdf,Feuille F-05,visual
Règlement/Documents graphiques/Atlas 2/F_06.pdf,F_06.pdf,Feuille F-06,visual
Règlement/Documents graphiques/Atlas 2/F_07.pdf,F_07.pdf,Feuille F-07,visual
Règlement/Documents graphiques/Atlas 2/F_08.pdf,F_08.pdf,Feuille F-08,visual
Règlement/Documents graphiques/Atlas 2/F_09_A_251216.pdf,F_09_A_251216.pdf,amé nage me nt,visual
Règlement/Documents graphiques/Atlas 2/F_10.pdf,F_10.pdf,aménagement,visual
Règlement/Documents graphiques/Atlas 2/F_11.pdf,F_11.pdf,Feuille F-11,visual
Règlement/Documents graphiques/Atlas 2/F_12.pdf,F_12.pdf,Montrouge,visual
Règlement/Documents graphiques/Atlas 2/F_13.pdf,F_13.pdf,Montrouge,visual
Règlement/Documents graphiques/Atlas 2/G_01.pdf,G_01.pdf,Saint-Ouen,visual
Règlement/Documents graphiques/Atlas 2/G_02.pdf,G_02.pdf,aménagement,visual
Règlement/Documents graphiques/Atlas 2/G_03.pdf,G_03.pdf,Feuille G-03,visual
Règlement/Documents graphiques/Atlas 2/G_04.pdf,G_04.pdf,Feuille G-04,visual
Règlement/Documents graphiques/Atlas 2/G_05.pdf,G_05.pdf,Feuille G-05,visual
Règlement/Documents graphiques/Atlas 2/G_06_A_251216.pdf,G_06_A_251216.pdf,Feuille G-06,visual
Règlement/Documents graphiques/Atlas 2/G_07.pdf,G_07.pdf,Feuille G-07,visual
Règlement/Documents graphiques/Atlas 2/G_08.pdf,G_08.pdf,Feuille G-08,visual
Règlement/Documents graphiques/Atlas 2/G_09.pdf,G_09.pdf,Feuille G-09,visual
Règlement/Documents graphiques/Atlas 2/G_10_A_251216.pdf,G_10_A_251216.pdf,amé nagement,visual
Règlement/Documents graphiques/Atlas 2/G_11.pdf,G_11.pdf,Feuille G-11,visual
Règlement/Documents graphiques/Atlas 2/G_12_A_251216.pdf,G_12_A_251216.pdf,Feuille G-12,visual
Règlement/Documents graphiques/Atlas 2/G_13_A_251216.pdf,G_13_A_251216.pdf,Montrouge,visual
Règlement/Documents graphiques/Atlas 2/H_01.pdf,H_01.pdf,Saint-Denis,visual
Règlement/Documents graphiques/Atlas 2/H_02.pdf,H_02.pdf,amé nag ement,visual
Règlement/Documents graphiques/Atlas 2/H_03.pdf,H_03.pdf,Feuille H-03,visual
Règlement/Documents graphiques/Atlas 2/H_04.pdf,H_04.pdf,Feuille H-04,visual
Règlement/Documents graphiques/Atlas 2/H_05.pdf,H_05.pdf,Feuille H-05,visual
Règlement/Documents graphiques/Atlas 2/H_06.pdf,H_06.pdf,Feuille H-06,visual
Règlement/Documents graphiques/Atlas 2/H_07.pdf,H_07.pdf,Feuille H-07,visual
Règlement/Documents graphiques/Atlas 2/H_08_A_251216.pdf,H_08_A_251216.pdf,Feuille H-08,visual
Règlement/Documents graphiques/Atlas 2/H_09.pdf,H_09.pdf,Feuille H-09,visual
Règlement/Documents graphiques/Atlas 2/H_10_A_251216.pdf,H_10_A_251216.pdf,Feuille H-10,visual
Règlement/Documents graphiques/Atlas 2/H_11.pdf,H_11.pdf,Feuille H-11,visual
Règlement/Documents graphiques/Atlas 2/H_12_A_251216.pdf,H_12_A_251216.pdf,Feuille H-12,visual
Règlement/Documents graphiques/Atlas 2/H_13.pdf,H_13.pdf,Gentilly,visual
Règlement/Documents graphiques/Atlas 2/I_01.pdf,I_01.pdf,Aubervilliers,visual
Règlement/Documents graphiques/Atlas 2/I_02.pdf,I_02.pdf,amé nag ement,visual
Règlement/Documents graphiques/Atlas 2/I_03.pdf,I_03.pdf,Feuille I-03,visual
Règlement/Documents graphiques/Atlas 2/I_04_A_251216.pdf,I_04_A_251216.pdf,Feuille I-04,visual
Règlement/Documents graphiques/Atlas 2/I_05.pdf,I_05.pdf,Feuille I-05,visual
Règlement/Documents graphiques/Atlas 2/I_06.pdf,I_06.pdf,Feuille I-06,visual
Règlement/Documents graphiques/Atlas 2/I_07.pdf,I_07.pdf,Feuille I-07,visual
Règlement/Documents graphiques/Atlas 2/I_08.pdf,I_08.pdf,Feuille I-08,visual
Règlement/Documents graphiques/Atlas 2/I_09.pdf,I_09.pdf,amé nag ement,visual
Règlement/Documents graphiques/Atlas 2/I_10.pdf,I_10.pdf,amé nag ement,visual
Règlement/Documents graphiques/Atlas 2/I_11.pdf,I_11.pdf,Feuille I-11,visual
Règlement/Documents graphiques/Atlas 2/I_12.pdf,I_12.pdf,amé nag ement et de prog r ammation,visual
Règlement/Documents graphiques/Atlas 2/I_13.pdf,I_13.pdf,Ivry-sur-Seine,visual
Règlement/Documents graphiques/Atlas 2/J_01.pdf,J_01.pdf,Aubervilliers,visual
Règlement/Documents graphiques/Atlas 2/J_02.pdf,J_02.pdf,aménagement,visual
Règlement/Documents graphiques/Atlas 2/J_03.pdf,J_03.pdf,Feuille J-03,visual
Règlement/Documents graphiques/Atlas 2/J_04.pdf,J_04.pdf,Feuille J-04,visual
Règlement/Documents graphiques/Atlas 2/J_05.pdf,J_05.pdf,Feuille J-05,visual
Règlement/Documents graphiques/Atlas 2/J_06_A_251216.pdf,J_06_A_251216.pdf,Feuille J-06,visual
Règlement/Documents graphiques/Atlas 2/J_07.pdf,J_07.pdf,Feuille J-07,visual
Règlement/Documents graphiques/Atlas 2/J_08.pdf,J_08.pdf,Feuille J-08,visual
Règlement/Documents graphiques/Atlas 2/J_09.pdf,J_09.pdf,rogrammation,visual
Règlement/Documents graphiques/Atlas 2/J_10.pdf,J_10.pdf,t et d e programmation,visual
Règlement/Documents graphiques/Atlas 2/J_11.pdf,J_11.pdf,,none
Règlement/Documents graphiques/Atlas 2/J_12.pdf,J_12.pdf,Ivry-sur-Seine,visual
Règlement/Documents graphiques/Atlas 2/J_13.pdf,J_13.pdf,Ivry-sur-Seine,visual
Règlement/Documents graphiques/Atlas 2/K_01.pdf,K_01.pdf,Aubervilliers,visual
Règlement/Documents graphiques/Atlas 2/K_02.pdf,K_02.pdf,Pantin,visual
Règlement/Documents graphiques/Atlas 2/K_03.pdf,K_03.pdf,Feuille K-03,visual
Règlement/Documents graphiques/Atlas 2/K_04.pdf,K_04.pdf,Feuille K-04,visual
Règlement/Documents graphiques/Atlas 2/K_05_A_251216.pdf,K_05_A_251216.pdf,Feuille K-05,visual
Règlement/Documents graphiques/Atlas 2/K_06_A_251216.pdf,K_06_A_251216.pdf,Feuille K-06,visual
Règlement/Documents graphiques/Atlas 2/K_07_A_251216.pdf,K_07_A_251216.pdf,Feuille K-07,visual
Règlement/Documents graphiques/Atlas 2/K_08.pdf,K_08.pdf,Feuille K-08,visual
Règlement/Documents graphiques/Atlas 2/K_09_A_251216.pdf,K_09_A_251216.pdf,Feuille K-09,visual
Règlement/Documents graphiques/Atlas 2/K_10.pdf,K_10.pdf,,none
Règlement/Documents graphiques/Atlas 2/K_11.pdf,K_11.pdf,amé nagement,visual
Règlement/Documents graphiques/Atlas 2/K_12.pdf,K_12.pdf,Charenton-le-Pont,visual
Règlement/Documents graphiques/Atlas 2/L_03.pdf,L_03.pdf,Pantin,visual
Règlement/Documents graphiques/Atlas 2/L_04.pdf,L_04.pdf,Le Pré-Saint-Gervais,visual
Règlement/Documents graphiques/Atlas 2/L_05_A_251216.pdf,L_05_A_251216.pdf,Feuille L-05,visual
Règlement/Documents graphiques/Atlas 2/L_06.pdf,L_06.pdf,amén agemen t,visual
Règlement/Documents graphiques/Atlas 2/L_07.pdf,L_07.pdf,ent,visual
Règlement/Documents graphiques/Atlas 2/L_08.pdf,L_08.pdf,Feuille L-08,visual
Règlement/Documents graphiques/Atlas 2/L_09_A_251216.pdf,L_09_A_251216.pdf,Feuille L-09,visual
Règlement/Documents graphiques/Atlas 2/L_10.pdf,L_10.pdf,Feuille L-10,visual
Règlement/Documents graphiques/Atlas 2/L_11.pdf,L_11.pdf,Saint-Mandé,visual
Règlement/Documents graphiques/Atlas 2/LEG2000.pdf,LEG2000.pdf,"Légende des plans au 1/1000, 1/2000 et 1/5000",visual
Règlement/Documents graphiques/Atlas 2/M_05.pdf,M_05.pdf,Les Lilas,visual
Règlement/Documents graphiques/Atlas 2/M_06_A_251216.pdf,M_06_A_251216.pdf,Bagnolet,visual
Règlement/Documents graphiques/Atlas 2/M_07_A_251216.pdf,M_07_A_251216.pdf,Bagnolet,visual
Règlement/Documents graphiques/Atlas 2/M_08.pdf,M_08.pdf,Bagnolet,visual
Règlement/Documents graphiques/Atlas 2/M_09.pdf,M_09.pdf,Vincennes,visual
Règlement/Documents graphiques/Atlas 2/M_10.pdf,M_10.pdf,Saint-Mandé,visual
Règlement/Documents graphiques/Atlas 3/Secteur maisons et villas/Consultation_des_plans_des_secteurs_de_maisons_et_villas.pdf,Consultation_des_plans_des_secteurs_de_maisons_et_villas.pdf,Consultation des plans des secteurs de maisons et villas :,visual
Règlement/Documents graphiques/Atlas 3/Secteur maisons et villas/LEGSMV.pdf,LEGSMV.pdf,"Légende des plans au 1/1000, 1/2000 et 1/5000",visual
Règlement/Documents graphiques/Atlas 3/Secteur maisons et villas/P07.pdf,P07.pdf,D07_R2.mxd,metadata
Règlement/Documents graphiques/Atlas 3/Secteur maisons et villas/P08.pdf,P08.pdf,D08_R2.mxd,metadata
Règlement/Documents graphiques/Atlas 3/Secteur maisons et villas/P09.pdf,P09.pdf,D09_R2.mxd,metadata
Règlement/Documents graphiques/Atlas 3/Secteur maisons et villas/P10.pdf,P10.pdf,10,visual
Règlement/Documents graphiques/Atlas 3/Secteur maisons et villas/P11.pdf,P11.pdf,D11_R2.mxd,metadata
Règlement/Documents graphiques/Atlas 3/Secteur maisons et villas/P12.pdf,P12.pdf,D12_R2.mxd,metadata
Règlement/Documents graphiques/Atlas 3/Secteur maisons et villas/P13.pdf,P13.pdf,D13_R2.mxd,metadata
Règlement/Documents graphiques/Atlas 3/Secteur maisons et villas/P14.pdf,P14.pdf,14,visual
Règlement/Documents graphiques/Atlas 3/Secteur maisons et villas/P15.pdf,P15.pdf,D15_R2.mxd,metadata
Règlement/Documents graphiques/Atlas 3/Secteur maisons et villas/P16.pdf,P16.pdf,16,visual
Règlement/Documents graphiques/Atlas 3/Secteur maisons et villas/P17.pdf,P17.pdf,D17_R2.mxd,metadata
Règlement/Documents graphiques/Atlas 3/Secteur maisons et villas/P18.pdf,P18.pdf,18,visual
Règlement/Documents graphiques/Atlas 3/Secteur maisons et villas/P19.pdf,P19.pdf,D19_R2.mxd,metadata
Règlement/Documents graphiques/Atlas 3/Secteur maisons et villas/P20.pdf,P20.pdf,D20_R2.mxd,metadata
Règlement/Documents graphiques/Atlas 3/Secteur maisons et villas/P21.pdf,P21.pdf,D21_R2.mxd,metadata
Règlement/Documents graphiques/Atlas 3/Secteur maisons et villas/P22.pdf,P22.pdf,D22_R2.mxd,metadata
Règlement/Documents graphiques/Atlas 3/Secteur maisons et villas/P23.pdf,P23.pdf,D23_R2.mxd,metadata
Règlement/Documents graphiques/Atlas 3/Secteur maisons et villas/P24.pdf,P24.pdf,24,visual
Règlement/Documents graphiques/Atlas 3/Secteur maisons et villas/P25.pdf,P25.pdf,D25_R2.mxd,metadata
Règlement/Documents graphiques/Atlas 3/Secteur maisons et villas/P26.pdf,P26.pdf,D26_R2.mxd,metadata
Règlement/Documents graphiques/Atlas 3/Secteur maisons et villas/P27.pdf,P27.pdf,D27_R2.mxd,metadata
Règlement/Documents graphiques/Atlas 3/Secteur maisons et villas/P28.pdf,P28.pdf,D28_R2.mxd,metadata
Règlement/Documents graphiques/Atlas 3/Secteur maisons et villas/P29.pdf,P29.pdf,29,visual
Règlement/Documents graphiques/Atlas 3/Secteur maisons et villas/P30.pdf,P30.pdf,D30_R2.mxd,metadata
Règlement/Documents graphiques/Atlas 3/Secteur maisons et villas/P31.pdf,P31.pdf,D31_R2.mxd,metadata
Règlement/Documents graphiques/Atlas 3/Secteur maisons et villas/P32.pdf,P32.pdf,D32_R2.mxd,metadata
Règlement/Documents graphiques/Atlas 3/Secteur maisons et villas/P33.pdf,P33.pdf,D33_R2.mxd,metadata
Règlement/Documents graphiques/Atlas 3/Secteur maisons et villas/P34.pdf,P34.pdf,D34_R2.mxd,metadata
Règlement/Documents graphiques/Atlas 3/Secteur maisons et villas/P35.pdf,P35.pdf,D35_R2.mxd,metadata
Règlement/Documents graphiques/Atlas 3/Secteur maisons et villas/P36.pdf,P36.pdf,D36_R2.mxd,metadata
Règlement/Documents graphiques/Atlas 3/Secteur maisons et villas/P37.pdf,P37.pdf,D37_R2.mxd,metadata
Règlement/Documents graphiques/Atlas 3/Secteur maisons et villas/P38.pdf,P38.pdf,D38_R2.mxd,metadata
Règlement/Documents graphiques/Atlas 3/Secteur maisons et villas/P39.pdf,P39.pdf,D39_R2.mxd,metadata
Règlement/Documents graphiques/Atlas 3/Secteur maisons et villas/P40.pdf,P40.pdf,D40_D41_R2.mxd,metadata
Règlement/Documents graphiques/Atlas 3/Secteur maisons et villas/P42.pdf,P42.pdf,D42_D43_R2.mxd,metadata
Règlement/Documents graphiques/Atlas 3/Secteur maisons et villas/P44.pdf,P44.pdf,D44_R2.mxd,metadata
Règlement/Documents graphiques/Atlas 3/Secteur maisons et villas/P45.pdf,P45.pdf,D45_R2.mxd,metadata
Règlement/Documents graphiques/Atlas 3/Secteur maisons et villas/P46.pdf,P46.pdf,D46_R2.mxd,metadata
Règlement/Documents graphiques/Atlas 3/Secteur maisons et villas/P47.pdf,P47.pdf,D47_R2.mxd,metadata
Règlement/Documents graphiques/Atlas 3/Secteur maisons et villas/P48.pdf,P48.pdf,D48_R2.mxd,metadata
Règlement/Documents graphiques/Atlas 3/Secteur maisons et villas/P49.pdf,P49.pdf,D49_R2.mxd,metadata
Règlement/Documents graphiques/Atlas 3/Secteur maisons et villas/P50.pdf,P50.pdf,D50_R2.mxd,metadata
Règlement/Documents graphiques/Atlas 3/Secteur maisons et villas/P51.pdf,P51.pdf,D51_D52_D53_R2.mxd,metadata
Règlement/Documents graphiques/Atlas 3/Secteur maisons et villas/P54.pdf,P54.pdf,D54_R2.mxd,metadata
Règlement/Documents graphiques/Atlas 3/Secteur maisons et villas/P55.pdf,P55.pdf,D55_R2.mxd,metadata
Règlement/Documents graphiques/Atlas 3/Secteur maisons et villas/P56.pdf,P56.pdf,D56_R2.mxd,metadata
Règlement/Documents graphiques/Atlas 3/Secteur maisons et villas/P57.pdf,P57.pdf,D57_R2.mxd,metadata
Règlement/Documents graphiques/Atlas 3/Secteur maisons et villas/P58.pdf,P58.pdf,D58_R2.mxd,metadata
Règlement/Documents graphiques/Atlas 3/Secteur maisons et villas/P59.pdf,P59.pdf,D59_R2.mxd,metadata
Règlement/Documents graphiques/Atlas 3/Secteur Montmartre/Consultation_des_planches_d_ilots_du_secteur_de_Montmartre.pdf,Consultation_des_planches_d_ilots_du_secteur_de_Montmartre.pdf,Consultation des planches d'îlots du secteur de Montmartre :,visual
Règlement/Documents graphiques/Atlas 3/Secteur Montmartre/LEGMONT.pdf,LEGMONT.pdf,,none
Règlement/Documents graphiques/Atlas 3/Secteur Montmartre/M69105.pdf,M69105.pdf,,none
Règlement/Documents graphiques/Atlas 3/Secteur Montmartre/M69106.pdf,M69106.pdf,,none
Règlement/Documents graphiques/Atlas 3/Secteur Montmartre/M69107.pdf,M69107.pdf,,none
Règlement/Documents graphiques/Atlas 3/Secteur Montmartre/M69108.pdf,M69108.pdf,,none
Règlement/Documents graphiques/Atlas 3/Secteur Montmartre/M69109.pdf,M69109.pdf,,none
Règlement/Documents graphiques/Atlas 3/Secteur Montmartre/M69110.pdf,M69110.pdf,,none
Règlement/Documents graphiques/Atlas 3/Secteur Montmartre/M69111.pdf,M69111.pdf,,none
Règlement/Documents graphiques/Atlas 3/Secteur Montmartre/M69112.pdf,M69112.pdf,,none
Règlement/Documents graphiques/Atlas 3/Secteur Montmartre/M69113.pdf,M69113.pdf,,none
Règlement/Documents graphiques/Atlas 3/Secteur Montmartre/M69114.pdf,M69114.pdf,,none
Règlement/Documents graphiques/Atlas 3/Secteur Montmartre/M69115.pdf,M69115.pdf,,none
Règlement/Documents graphiques/Atlas 3/Secteur Montmartre/M69116.pdf,M69116.pdf,,none
Règlement/Documents graphiques/Atlas 3/Secteur Montmartre/M69117.pdf,M69117.pdf,,none
Règlement/Documents graphiques/Atlas 3/Secteur Montmartre/M69118.pdf,M69118.pdf,,none
Règlement/Documents graphiques/Atlas 3/Secteur Montmartre/M69119.pdf,M69119.pdf,,none
Règlement/Documents graphiques/Atlas 3/Secteur Montmartre/M69120.pdf,M69120.pdf,,none
Règlement/Documents graphiques/Atlas 3/Secteur Montmartre/M69121.pdf,M69121.pdf,,none
Règlement/Documents graphiques/Atlas 3/Secteur Montmartre/M69122.pdf,M69122.pdf,,none
Règlement/Documents graphiques/Atlas 3/Secteur Montmartre/M69123.pdf,M69123.pdf,,none
Règlement/Documents graphiques/Atlas 3/Secteur Montmartre/M69124.pdf,M69124.pdf,,none
Règlement/Documents graphiques/Atlas 3/Secteur Montmartre/M69125.pdf,M69125.pdf,,none
Règlement/Documents graphiques/Atlas 3/Secteur Montmartre/M69126.pdf,M69126.pdf,,none
Règlement/Documents graphiques/Atlas 3/Secteur Montmartre/M69127.pdf,M69127.pdf,,none
Règlement/Documents graphiques/Atlas 3/Secteur Montmartre/M69128.pdf,M69128.pdf,,none
Règlement/Documents graphiques/Atlas 3/Secteur Montmartre/M69129.pdf,M69129.pdf,,none
Règlement/Documents graphiques/Atlas 3/Secteur Montmartre/M69130.pdf,M69130.pdf,,none
Règlement/Documents graphiques/Atlas 3/Secteur Montmartre/M69131.pdf,M69131.pdf,,none
Règlement/Documents graphiques/Atlas 3/Secteur Montmartre/M69132.pdf,M69132.pdf,,none
Règlement/Documents graphiques/Atlas 3/Secteur Montmartre/M69133.pdf,M69133.pdf,,none
Règlement/Documents graphiques/Atlas 3/Secteur Montmartre/M69134.pdf,M69134.pdf,,none
Règlement/Documents graphiques/Atlas 3/Secteur Montmartre/M69137.pdf,M69137.pdf,,none
Règlement/Documents graphiques/Atlas 3/Secteur Montmartre/M69138.pdf,M69138.pdf,,none
Règlement/Documents graphiques/Atlas 3/Secteur Montmartre/M69139.pdf,M69139.pdf,,none
Règlement/Documents graphiques/Atlas 3/Secteur Montmartre/M69140.pdf,M69140.pdf,,none
Règlement/Documents graphiques/Atlas 3/Secteur Montmartre/M69173.pdf,M69173.pdf,,none
Règlement/Documents graphiques/Atlas 3/Secteur Montmartre/M70001.pdf,M70001.pdf,,none
Règlement/Documents graphiques/Atlas 3/Secteur Montmartre/M70002.pdf,M70002.pdf,,none
Règlement/Documents graphiques/Atlas 3/Secteur Montmartre/M70003.pdf,M70003.pdf,,none
Règlement/Documents graphiques/Atlas 3/Secteur Montmartre/M70004.pdf,M70004.pdf,,none
Règlement/Documents graphiques/Atlas 3/Secteur Montmartre/M70005.pdf,M70005.pdf,,none
Règlement/Documents graphiques/Atlas 3/Secteur Montmartre/M70006.pdf,M70006.pdf,,none
Règlement/Documents graphiques/Atlas 3/Secteur Montmartre/M70007.pdf,M70007.pdf,,none
Règlement/Documents graphiques/Atlas 3/Secteur Montmartre/M70008.pdf,M70008.pdf,,none
Règlement/Documents graphiques/Atlas 3/Secteur Montmartre/M70009.pdf,M70009.pdf,,none
Règlement/Documents graphiques/Atlas 3/Secteur Montmartre/M70010.pdf,M70010.pdf,,none
Règlement/Documents graphiques/Atlas 3/Secteur Montmartre/M70011.pdf,M70011.pdf,,none
Règlement/Documents graphiques/Atlas 3/Secteur Montmartre/M70012.pdf,M70012.pdf,,none
Règlement/Documents graphiques/Atlas 3/Secteur Montmartre/M70013.pdf,M70013.pdf,,none
Règlement/Documents graphiques/Atlas 3/Secteur Montmartre/M70014.pdf,M70014.pdf,,none
Règlement/Documents graphiques/Atlas 3/Secteur Montmartre/M70015.pdf,M70015.pdf,,none
Règlement/Documents graphiques/Atlas 3/Secteur Montmartre/M70016.pdf,M70016.pdf,,none
Règlement/Documents graphiques/Atlas 3/Secteur Montmartre/M70017.pdf,M70017.pdf,,none
Règlement/Documents graphiques/Atlas 3/Secteur Montmartre/M70018.pdf,M70018.pdf,,none
Règlement/Documents graphiques/Atlas 3/Secteur Montmartre/M70019.pdf,M70019.pdf,,none
Règlement/Documents graphiques/Atlas 3/Secteur Montmartre/M70020.pdf,M70020.pdf,,none
Règlement/Documents graphiques/Atlas 3/Secteur Montmartre/M70021.pdf,M70021.pdf,,none
Règlement/Documents graphiques/Atlas 3/Secteur Montmartre/M70022.pdf,M70022.pdf,,none
Règlement/Documents graphiques/Atlas 3/Secteur Montmartre/M70023.pdf,M70023.pdf,,none
Règlement/Documents graphiques/Atlas 3/Secteur Montmartre/M70024.pdf,M70024.pdf,,none
Règlement/Documents graphiques/Atlas 3/Secteur Montmartre/M70025.pdf,M70025.pdf,,none
Règlement/Documents graphiques/Atlas 3/Secteur Montmartre/M70026.pdf,M70026.pdf,,none
Règlement/Documents graphiques/Atlas 3/Secteur Montmartre/M70027.pdf,M70027.pdf,,none
Règlement/Documents graphiques/Atlas 3/Secteur Montmartre/M70029.pdf,M70029.pdf,,none
Règlement/Documents graphiques/Atlas 3/Secteur Montmartre/M70033.pdf,M70033.pdf,,none
Règlement/Documents graphiques/Atlas 3/Secteur Montmartre/M70034.pdf,M70034.pdf,,none
Règlement/Documents graphiques/Atlas 3/Secteur Montmartre/M70035.pdf,M70035.pdf,,none
Règlement/Documents graphiques/Atlas 3/Secteur Montmartre/M70036.pdf,M70036.pdf,,none
Règlement/Documents graphiques/Atlas 3/Secteur Montmartre/M70037.pdf,M70037.pdf,,none
Règlement/Documents graphiques/Atlas 3/Secteur Montmartre/M70038.pdf,M70038.pdf,,none
Règlement/Documents graphiques/Atlas 3/Secteur Montmartre/M70039.pdf,M70039.pdf,,none
Règlement/Documents graphiques/Atlas 3/Secteur Montmartre/M70040.pdf,M70040.pdf,,none
Règlement/Documents graphiques/Atlas 3/Secteur Montmartre/M70041.pdf,M70041.pdf,,none
Règlement/Documents graphiques/Atlas 3/Secteur Montmartre/M70042.pdf,M70042.pdf,,none
Règlement/Documents graphiques/Atlas 3/Secteur Montmartre/M70043.pdf,M70043.pdf,,none
Règlement/Documents graphiques/Atlas 3/Secteur Montmartre/M70044.pdf,M70044.pdf,,none
Règlement/Documents graphiques/Atlas 3/Secteur Montmartre/M70045.pdf,M70045.pdf,,none
Règlement/Documents graphiques/Atlas 3/Secteur Montmartre/M70046.pdf,M70046.pdf,,none
Règlement/Documents graphiques/Atlas 3/Secteur Montmartre/M70047.pdf,M70047.pdf,,none
Règlement/Documents graphiques/Atlas 3/Secteur Montmartre/M70048.pdf,M70048.pdf,,none
Règlement/Documents graphiques/Atlas 3/Secteur Montmartre/M70049.pdf,M70049.pdf,,none
Règlement/Documents graphiques/Atlas 3/Secteur Montmartre/M70050.pdf,M70050.pdf,,none
Règlement/Documents graphiques/Atlas 3/Secteur Montmartre/M70051.pdf,M70051.pdf,,none
Règlement/Documents graphiques/Atlas 3/Secteur Montmartre/M70052.pdf,M70052.pdf,,none
Règlement/Documents graphiques/Atlas 3/Secteur Montmartre/M70053.pdf,M70053.pdf,,none
Règlement/Documents graphiques/Atlas 3/Secteur Montmartre/M70054.pdf,M70054.pdf,,none
Règlement/Documents graphiques/Atlas 3/Secteur Montmartre/M70055.pdf,M70055.pdf,,none
Règlement/Documents graphiques/Atlas 3/Secteur Montmartre/M70056.pdf,M70056.pdf,,none
Règlement/Documents graphiques/Atlas 3/Secteur Montmartre/M70057.pdf,M70057.pdf,,none
Règlement/Documents graphiques/Atlas 3/Secteur Montmartre/M70058.pdf,M70058.pdf,,none
Règlement/Documents graphiques/Atlas 3/Secteur Montmartre/M70059.pdf,M70059.pdf,,none
Règlement/Documents graphiques/Atlas 3/Secteur Montmartre/M70060.pdf,M70060.pdf,,none
Règlement/Documents graphiques/Atlas 3/Secteur Montmartre/M70061.pdf,M70061.pdf,,none
Règlement/Documents graphiques/Atlas 3/Secteur Montmartre/M70062.pdf,M70062.pdf,,none
Règlement/Documents graphiques/Atlas 3/Secteur Montmartre/M70177.pdf,M70177.pdf,,none
Règlement/Pièces écrites/Tome 1/REG1.pdf,REG1.pdf,RÈGLEMENT,visual
Règlement/Pièces écrites/Tome 1/REG1_MS1.pdf,REG1_MS1.pdf,RÈGLEMENT,visual
Règlement/Pièces écrites/Tome 2/REG2A1.pdf,REG2A1.pdf,RÈGLEMENT,visual
Règlement/Pièces écrites/Tome 2/REG2A10_1DE2.pdf,REG2A10_1DE2.pdf,RÈGLEMENT,visual
Règlement/Pièces écrites/Tome 2/REG2A10_1DE2_MS1.pdf,REG2A10_1DE2_MS1.pdf,RÈGLEMENT,visual
Règlement/Pièces écrites/Tome 2/REG2A10_2DE2_MS1.pdf,REG2A10_2DE2_MS1.pdf,RÈGLEMENT,visual
Règlement/Pièces écrites/Tome 2/REG2A1_MS1.pdf,REG2A1_MS1.pdf,RÈGLEMENT,visual
